Filename,ID,Microscope,Objective,Mag,Accession,Ear ,Ear row,Ear position,Spk position,Position type,taxon code,View,Charred?
1651_High09_A_R1_1of1_Taes_1x1_d_c,1651,Nikon,1x,1,High09,A,R1,Base,1of1,Solo,Taes,d,c
1652_High09_A_R1_1of1_Taes_1x1_l_c,1652,Nikon,1x,1,High09,A,R1,Base,1of1,Solo,Taes,l,c
1653_High09_A_R1_1of1_Taes_1x1_p_c,1653,Nikon,1x,1,High09,A,R1,Base,1of1,Solo,Taes,p,c
1654_High09_A_R2_2of3_Taes_1x1_d_c,1654,Nikon,1x,1,High09,A,R2,Base,2of3,Internal,Taes,d,c
1655_High09_A_R2_2of3_Taes_1x1_l_c,1655,Nikon,1x,1,High09,A,R2,Base,2of3,Internal,Taes,l,c
1656_High09_A_R2_2of3_Taes_1x1_p_c,1656,Nikon,1x,1,High09,A,R2,Base,2of3,Internal,Taes,p,c
1657_High09_A_R2_2_Taes_1x1_d_c,1657,Nikon,1x,1,High09,A,R2,Base,3of3,External,Taes,d,c
1658_High09_A_R2_3of3_Taes_1x1_l_c,1658,Nikon,1x,1,High09,A,R2,Base,3of3,External,Taes,l,c
1659_High09_A_R2_3of3_Taes_1x1_p_c,1659,Nikon,1x,1,High09,A,R2,Base,3of3,External,Taes,p,c
1660_High09_A_R9_1of3_Taes_1x1_d_c,1660,Nikon,1x,1,High09,A,R9,Mid,1of3,External,Taes,d,c
1661_High09_A_R9_1of3_Taes_1x1_l_c,1661,Nikon,1x,1,High09,A,R9,Mid,1of3,External,Taes,l,c
1662_High09_A_R9_1of3_Taes_1x1_p_c,1662,Nikon,1x,1,High09,A,R9,Mid,1of3,External,Taes,p,c
1663_High09_A_R9_2of3_Taes_1x1_d_c,1663,Nikon,1x,1,High09,A,R9,Mid,2of3,Internal,Taes,d,c
1664_High09_A_R9_2of3_Taes_1x1_l_c,1664,Nikon,1x,1,High09,A,R9,Mid,2of3,Internal,Taes,l,c
1665_High09_A_R9_2of3_Taes_1x1_p_c,1665,Nikon,1x,1,High09,A,R9,Mid,2of3,Internal,Taes,p,c
1666_High09_A_R9_3of3_Taes_1x1_d_c,1666,Nikon,1x,1,High09,A,R9,Mid,3of3,External,Taes,d,c
1667_High09_A_R9_3of3_Taes_1x1_l_c,1667,Nikon,1x,1,High09,A,R9,Mid,3of3,External,Taes,l,c
1668_High09_A_R9_3of3_Taes_1x1_p_c,1668,Nikon,1x,1,High09,A,R9,Mid,3of3,External,Taes,p,c
1669_High09_A_R17_2of3_Taes_1x1_d_c,1669,Nikon,1x,1,High09,A,R17,Top,2of3,Internal,Taes,d,c
1670_High09_A_R17_2of3_Taes_1x1_l_c,1670,Nikon,1x,1,High09,A,R17,Top,2of3,Internal,Taes,l,c
1671_High09_A_R17_2of3_Taes_1x1_p_c,1671,Nikon,1x,1,High09,A,R17,Top,2of3,Internal,Taes,p,c
1672_High09_A_R18_1of2_Taes_1x1_d_c,1672,Nikon,1x,1,High09,A,R18,Top,1of2,External,Taes,d,c
1673_High09_A_R18_1of2_Taes_1x1_l_c,1673,Nikon,1x,1,High09,A,R18,Top,1of2,External,Taes,l,c
1674_High09_A_R18_1of2_Taes_1x1_p_c,1674,Nikon,1x,1,High09,A,R18,Top,1of2,External,Taes,p,c
1675_High09_A_R18_2of2_Taes_1x1_d_c,1675,Nikon,1x,1,High09,A,R18,Top,2of2,External,Taes,d,c
1676_High09_A_R18_2of2_Taes_1x1_l_c,1676,Nikon,1x,1,High09,A,R18,Top,2of2,External,Taes,l,c
1677_High09_A_R18_2of2_Taes_1x1_p_c,1677,Nikon,1x,1,High09,A,R18,Top,2of2,External,Taes,p,c
1813_High09_B_R1_1of1_Taes_1x1_d_c,1813,Nikon,1x,1,High09,B,R1,Base,1of1,Solo,Taes,d,c
1814_High09_B_R1_1of1_Taes_1x1_l_c,1814,Nikon,1x,1,High09,B,R1,Base,1of1,Solo,Taes,l,c
1815_High09_B_R1_1of1_Taes_1x1_p_c,1815,Nikon,1x,1,High09,B,R1,Base,1of1,Solo,Taes,p,c
1816_High09_B_R2_1of3_Taes_1x1_d_c,1816,Nikon,1x,1,High09,B,R2,Base,1of3,External,Taes,d,c
1817_High09_B_R2_1of3_Taes_1x1_l_c,1817,Nikon,1x,1,High09,B,R2,Base,1of3,External,Taes,l,c
1818_High09_B_R2_1of3_Taes_1x1_p_c,1818,Nikon,1x,1,High09,B,R2,Base,1of3,External,Taes,p,c
1819_High09_B_R2_2of3_Taes_1x1_d_c,1819,Nikon,1x,1,High09,B,R2,Base,2of3,Internal,Taes,d,c
1820_High09_B_R2_2of3_Taes_1x1_l_c,1820,Nikon,1x,1,High09,B,R2,Base,2of3,Internal,Taes,l,c
1821_High09_B_R2_2of3_Taes_1x1_p_c,1821,Nikon,1x,1,High09,B,R2,Base,2of3,Internal,Taes,p,c
1822_High09_B_R6_3of3_Taes_1x1_d_c,1822,Nikon,1x,1,High09,B,R6,Mid,3of3,External,Taes,d,c
1823_High09_B_R6_3of3_Taes_1x1_l_c,1823,Nikon,1x,1,High09,B,R6,Mid,3of3,External,Taes,l,c
1824_High09_B_R6_3of3_Taes_1x1_p_c,1824,Nikon,1x,1,High09,B,R6,Mid,3of3,External,Taes,p,c
1825_High09_B_R7_1of3_Taes_1x1_d_c,1825,Nikon,1x,1,High09,B,R7,Mid,1of3,External,Taes,d,c
1826_High09_B_R7_1of3_Taes_1x1_l_c,1826,Nikon,1x,1,High09,B,R7,Mid,1of3,External,Taes,l,c
1827_High09_B_R7_1of3_Taes_1x1_p_c,1827,Nikon,1x,1,High09,B,R7,Mid,1of3,External,Taes,p,c
1828_High09_B_R7_2of3_Taes_1x1_d_c,1828,Nikon,1x,1,High09,B,R7,Mid,2of3,Internal,Taes,d,c
1829_High09_B_R7_2of3_Taes_1x1_l_c,1829,Nikon,1x,1,High09,B,R7,Mid,2of3,Internal,Taes,l,c
1830_High09_B_R7_2of3_Taes_1x1_p_c,1830,Nikon,1x,1,High09,B,R7,Mid,2of3,Internal,Taes,p,c
1831_High09_B_R12_1of2_Taes_1x1_d_c,1831,Nikon,1x,1,High09,B,R12,Top,1of2,External,Taes,d,c
1832_High09_B_R12_1of2_Taes_1x1_l_c,1832,Nikon,1x,1,High09,B,R12,Top,1of2,External,Taes,l,c
1833_High09_B_R12_1of2_Taes_1x1_p_c,1833,Nikon,1x,1,High09,B,R12,Top,1of2,External,Taes,p,c
1834_High09_B_R12_2of2_Taes_1x1_d_c,1834,Nikon,1x,1,High09,B,R12,Top,2of2,External,Taes,d,c
1835_High09_B_R12_2of2_Taes_1x1_l_c,1835,Nikon,1x,1,High09,B,R12,Top,2of2,External,Taes,l,c
1836_High09_B_R12_2of2_Taes_1x1_p_c,1836,Nikon,1x,1,High09,B,R12,Top,2of2,External,Taes,p,c
1837_High09_B_R13_1of1_Taes_1x1_d_c,1837,Nikon,1x,1,High09,B,R13,Top,1of1,Solo,Taes,d,c
1838_High09_B_R13_1of1_Taes_1x1_l_c,1838,Nikon,1x,1,High09,B,R13,Top,1of1,Solo,Taes,l,c
1839_High09_B_R13_1of1_Taes_1x1_p_c,1839,Nikon,1x,1,High09,B,R13,Top,1of1,Solo,Taes,p,c
1840_High09_C_R1_1of2_Taes_1x1_d_c,1840,Nikon,1x,1,High09,C,R1,Base,1of2,External,Taes,d,c
1841_High09_C_R1_1of2_Taes_1x1_l_c,1841,Nikon,1x,1,High09,C,R1,Base,1of2,External,Taes,l,c
1842_High09_C_R1_2of2_Taes_1x1_p_c,1842,Nikon,1x,1,High09,C,R1,Base,2of2,External,Taes,p,c
1843_High09_C_R1_2of2_Taes_1x1_d_c,1843,Nikon,1x,1,High09,C,R1,Base,2of2,External,Taes,d,c
1844_High09_C_R1_2of2_Taes_1x1_l_c,1844,Nikon,1x,1,High09,C,R1,Base,2of2,External,Taes,l,c
1845_High09_C_R1_2of2_Taes_1x1_p_c,1845,Nikon,1x,1,High09,C,R1,Base,2of2,External,Taes,p,c
1846_High09_C_R2_1of2_Taes_1x1_d_c,1846,Nikon,1x,1,High09,C,R2,Base,1of2,External,Taes,d,c
1847_High09_C_R2_1of2_Taes_1x1_l_c,1847,Nikon,1x,1,High09,C,R2,Base,1of2,External,Taes,l,c
1848_High09_C_R2_2of2_Taes_1x1_p_c,1848,Nikon,1x,1,High09,C,R2,Base,2of2,External,Taes,p,c
1849_High09_C_R8_1of3_Taes_1x1_d_c,1849,Nikon,1x,1,High09,C,R8,Mid,1of3,External,Taes,d,c
1850_High09_C_R8_1of3_Taes_1x1_l_c,1850,Nikon,1x,1,High09,C,R8,Mid,1of3,External,Taes,l,c
1851_High09_C_R8_1of3_Taes_1x1_p_c,1851,Nikon,1x,1,High09,C,R8,Mid,1of3,External,Taes,p,c
1852_High09_C_R8_2of3_Taes_1x1_d_c,1852,Nikon,1x,1,High09,C,R8,Mid,2of3,Internal,Taes,d,c
1853_High09_C_R8_2of3_Taes_1x1_l_c,1853,Nikon,1x,1,High09,C,R8,Mid,2of3,Internal,Taes,l,c
1854_High09_C_R8_2of3_Taes_1x1_p_c,1854,Nikon,1x,1,High09,C,R8,Mid,2of3,Internal,Taes,p,c
1855_High09_C_R8_3of3_Taes_1x1_d_c,1855,Nikon,1x,1,High09,C,R8,Mid,3of3,External,Taes,d,c
1856_High09_C_R8_3of3_Taes_1x1_l_c,1856,Nikon,1x,1,High09,C,R8,Mid,3of3,External,Taes,l,c
1857_High09_C_R8_3of3_Taes_1x1_p_c,1857,Nikon,1x,1,High09,C,R8,Mid,3of3,External,Taes,p,c
1858_High09_C_R14_2of2_Taes_1x1_d_c,1858,Nikon,1x,1,High09,C,R14,Top,2of2,External,Taes,d,c
1859_High09_C_R14_2of2_Taes_1x1_l_c,1859,Nikon,1x,1,High09,C,R14,Top,2of2,External,Taes,l,c
1860_High09_C_R14_2of2_Taes_1x1_p_c,1860,Nikon,1x,1,High09,C,R14,Top,2of2,External,Taes,p,c
1861_High09_C_R15_1of1_Taes_1x1_d_c,1861,Nikon,1x,1,High09,C,R15,Top,1of1,Solo,Taes,d,c
1862_High09_C_R15_1of1_Taes_1x1_l_c,1862,Nikon,1x,1,High09,C,R15,Top,1of1,Solo,Taes,l,c
1863_High09_C_R15_1of1_Taes_1x1_p_c,1863,Nikon,1x,1,High09,C,R15,Top,1of1,Solo,Taes,p,c
1864_High09_C_R16_1of1_Taes_1x1_d_c,1864,Nikon,1x,1,High09,C,R16,Top,1of1,Solo,Taes,d,c
1865_High09_C_R16_1of1_Taes_1x1_l_c,1865,Nikon,1x,1,High09,C,R16,Top,1of1,Solo,Taes,l,c
1866_High09_C_R16_1of1_Taes_1x1_p_c,1866,Nikon,1x,1,High09,C,R16,Top,1of1,Solo,Taes,p,c
2191_190157_A_R1_1of4_Tturg_1x1_d_c,2191,Nikon,1x,1,190157,A,R1,Base,1of4,External,Tturg,d,c
2192_190157_A_R1_1of4_Tturg_1x1_l_c,2192,Nikon,1x,1,190157,A,R1,Base,1of4,External,Tturg,l,c
2193_190157_A_R1_1of4_Tturg_1x1_p_c,2193,Nikon,1x,1,190157,A,R1,Base,1of4,External,Tturg,p,c
2194_190157_A_R1_2of4_Tturg_1x1_d_c,2194,Nikon,1x,1,190157,A,R1,Base,2of4,Internal,Tturg,d,c
2195_190157_A_R1_2of4_Tturg_1x1_l_c,2195,Nikon,1x,1,190157,A,R1,Base,2of4,Internal,Tturg,l,c
2196_190157_A_R1_2of4_Tturg_1x1_p_c,2196,Nikon,1x,1,190157,A,R1,Base,2of4,Internal,Tturg,p,c
2197_190157_A_R1_3of4_Tturg_1x1_d_c,2197,Nikon,1x,1,190157,A,R1,Base,3of4,Internal,Tturg,d,c
2198_190157_A_R1_3of4_Tturg_1x1_l_c,2198,Nikon,1x,1,190157,A,R1,Base,3of4,Internal,Tturg,l,c
2199_190157_A_R1_3of4_Tturg_1x1_p_c,2199,Nikon,1x,1,190157,A,R1,Base,3of4,Internal,Tturg,p,c
2200_190157_A_R11_1of4_Tturg_1x1_d_c,2200,Nikon,1x,1,190157,A,R11,Mid,1of4,External,Tturg,d,c
2201_190157_A_R11_1of4_Tturg_1x1_l_c,2201,Nikon,1x,1,190157,A,R11,Mid,1of4,External,Tturg,l,c
2202_190157_A_R11_1of4_Tturg_1x1_p_c,2202,Nikon,1x,1,190157,A,R11,Mid,1of4,External,Tturg,p,c
2203_190157_A_R11_2of4_Tturg_1x1_d_c,2203,Nikon,1x,1,190157,A,R11,Mid,2of4,Internal,Tturg,d,c
2204_190157_A_R11_2of4_Tturg_1x1_l_c,2204,Nikon,1x,1,190157,A,R11,Mid,2of4,Internal,Tturg,l,c
2205_190157_A_R11_2of4_Tturg_1x1_p_c,2205,Nikon,1x,1,190157,A,R11,Mid,2of4,Internal,Tturg,p,c
2206_190157_A_R12_1of4_Tturg_1x1_d_c,2206,Nikon,1x,1,190157,A,R12,Mid,1of4,External,Tturg,d,c
2207_190157_A_R12_1of4_Tturg_1x1_l_c,2207,Nikon,1x,1,190157,A,R12,Mid,1of4,External,Tturg,l,c
2208_190157_A_R12_1of4_Tturg_1x1_p_c,2208,Nikon,1x,1,190157,A,R12,Mid,1of4,External,Tturg,p,c
2209_190157_A_R20_1of2_Tturg_1x1_d_c,2209,Nikon,1x,1,190157,A,R20,Top,1of2,External,Tturg,d,c
2210_190157_A_R20_1of2_Tturg_1x1_l_c,2210,Nikon,1x,1,190157,A,R20,Top,1of2,External,Tturg,l,c
2211_190157_A_R20_1of2_Tturg_1x1_p_c,2211,Nikon,1x,1,190157,A,R20,Top,1of2,External,Tturg,p,c
2212_190157_A_R21_1of1_Tturg_1x1_d_c,2212,Nikon,1x,1,190157,A,R21,Top,1of1,Solo,Tturg,d,c
2213_190157_A_R21_1of1_Tturg_1x1_l_c,2213,Nikon,1x,1,190157,A,R21,Top,1of1,Solo,Tturg,l,c
2214_190157_A_R21_1of1_Tturg_1x1_p_c,2214,Nikon,1x,1,190157,A,R21,Top,1of1,Solo,Tturg,p,c
2215_190157_A_R22_1of1_Tturg_1x1_d_c,2215,Nikon,1x,1,190157,A,R22,Top,1of1,Solo,Tturg,d,c
2216_190157_A_R22_1of1_Tturg_1x1_l_c,2216,Nikon,1x,1,190157,A,R22,Top,1of1,Solo,Tturg,l,c
2217_190157_A_R22_1of1_Tturg_1x1_p_c,2217,Nikon,1x,1,190157,A,R22,Top,1of1,Solo,Tturg,p,c
2218_190157_B_R1_1of2_Tturg_1x1_d_c,2218,Nikon,1x,1,190157,B,R1,Base,1of2,External,Tturg,d,c
2219_190157_B_R1_1of2_Tturg_1x1_l_c,2219,Nikon,1x,1,190157,B,R1,Base,1of2,External,Tturg,l,c
2220_190157_B_R1_1of2_Tturg_1x1_p_c,2220,Nikon,1x,1,190157,B,R1,Base,1of2,External,Tturg,p,c
2221_190157_B_R1_2of2_Tturg_1x1_d_c,2221,Nikon,1x,1,190157,B,R1,Base,2of2,External,Tturg,d,c
2222_190157_B_R1_2of2_Tturg_1x1_l_c,2222,Nikon,1x,1,190157,B,R1,Base,2of2,External,Tturg,l,c
2223_190157_B_R1_2of2_Tturg_1x1_p_c,2223,Nikon,1x,1,190157,B,R1,Base,2of2,External,Tturg,p,c
2224_190157_B_R2_1of2_Tturg_1x1_d_c,2224,Nikon,1x,1,190157,B,R2,Base,1of2,External,Tturg,d,c
2225_190157_B_R2_1of2_Tturg_1x1_l_c,2225,Nikon,1x,1,190157,B,R2,Base,1of2,External,Tturg,l,c
2226_190157_B_R2_4of6_Tturg_1x1_p_c,2226,Nikon,1x,1,190157,B,R2,Base,1of2,External,Tturg,p,c
2227_190157_B_R12_4of6_Tturg_1x1_d_c,2227,Nikon,1x,1,190157,B,R12,Mid,4of6,Internal,Tturg,d,c
2228_190157_B_R12_4of6_Tturg_1x1_l_c,2228,Nikon,1x,1,190157,B,R12,Mid,4of6,Internal,Tturg,l,c
2229_190157_B_R12_4of6_Tturg_1x1_p_c,2229,Nikon,1x,1,190157,B,R12,Mid,4of6,Internal,Tturg,p,c
2230_190157_B_R12_5of6_Tturg_1x1_d_c,2230,Nikon,1x,1,190157,B,R12,Mid,5of6,Internal,Tturg,d,c
2231_190157_B_R12_5of6_Tturg_1x1_l_c,2231,Nikon,1x,1,190157,B,R12,Mid,5of6,Internal,Tturg,l,c
2232_190157_B_R12_6of6_Tturg_1x1_p_c,2232,Nikon,1x,1,190157,B,R12,Mid,5of6,Internal,Tturg,p,c
2233_190157_B_R12_6of6_Tturg_1x1_d_c,2233,Nikon,1x,1,190157,B,R12,Mid,6of6,External,Tturg,d,c
2234_190157_B_R12_6of6_Tturg_1x1_l_c,2234,Nikon,1x,1,190157,B,R12,Mid,6of6,External,Tturg,l,c
2235_190157_B_R12_6of6_Tturg_1x1_p_c,2235,Nikon,1x,1,190157,B,R12,Mid,6of6,External,Tturg,p,c
2236_190157_B_R22_1of2_Tturg_1x1_d_c,2236,Nikon,1x,1,190157,B,R22,Top,1of2,External,Tturg,d,c
2237_190157_B_R22_1of2_Tturg_1x1_l_c,2237,Nikon,1x,1,190157,B,R22,Top,1of2,External,Tturg,l,c
2238_190157_B_R22_2of2_Tturg_1x1_p_c,2238,Nikon,1x,1,190157,B,R22,Top,1of2,External,Tturg,p,c
2239_190157_B_R22_2of2_Tturg_1x1_d_c,2239,Nikon,1x,1,190157,B,R22,Top,2of2,External,Tturg,d,c
2240_190157_B_R22_2of2_Tturg_1x1_l_c,2240,Nikon,1x,1,190157,B,R22,Top,2of2,External,Tturg,l,c
2241_190157_B_R22_2of2_Tturg_1x1_p_c,2241,Nikon,1x,1,190157,B,R22,Top,2of2,External,Tturg,p,c
2242_190157_B_R23_1of1_Tturg_1x1_d_c,2242,Nikon,1x,1,190157,B,R23,Top,1of1,Solo,Tturg,d,c
2243_190157_B_R23_1of1_Tturg_1x1_l_c,2243,Nikon,1x,1,190157,B,R23,Top,1of1,Solo,Tturg,l,c
2244_190157_B_R23_1of2_Tturg_1x1_p_c,2244,Nikon,1x,1,190157,B,R23,Top,1of1,Solo,Tturg,p,c
2245_190157_C_R2_1of2_Tturg_1x1_d_c,2245,Nikon,1x,1,190157,C,R2,Base,1of2,External,Tturg,d,c
2246_190157_C_R2_1of2_Tturg_1x1_l_c,2246,Nikon,1x,1,190157,C,R2,Base,1of2,External,Tturg,l,c
2247_190157_C_R2_1of2_Tturg_1x1_p_c,2247,Nikon,1x,1,190157,C,R2,Base,1of2,External,Tturg,p,c
2248_190157_C_R2_2of2_Tturg_1x1_d_c,2248,Nikon,1x,1,190157,C,R2,Base,2of2,External,Tturg,d,c
2249_190157_C_R2_2of2_Tturg_1x1_l_c,2249,Nikon,1x,1,190157,C,R2,Base,2of2,External,Tturg,l,c
2250_190157_C_R2_4of5_Tturg_1x1_p_c,2250,Nikon,1x,1,190157,C,R2,Base,2of2,External,Tturg,p,c
2251_190157_C_R3_4of5_Tturg_1x1_d_c,2251,Nikon,1x,1,190157,C,R3,Base,4of5,Internal,Tturg,d,c
2252_190157_C_R3_4of5_Tturg_1x1_l_c,2252,Nikon,1x,1,190157,C,R3,Base,4of5,Internal,Tturg,l,c
2253_190157_C_R3_4of5_Tturg_1x1_p_c,2253,Nikon,1x,1,190157,C,R3,Base,4of5,Internal,Tturg,p,c
2254_190157_C_R8_1of6_Tturg_1x1_d_c,2254,Nikon,1x,1,190157,C,R8,Mid,1of6,External,Tturg,d,c
2255_190157_C_R8_1of6_Tturg_1x1_l_c,2255,Nikon,1x,1,190157,C,R8,Mid,1of6,External,Tturg,l,c
2256_190157_C_R8_1of6_Tturg_1x1_p_c,2256,Nikon,1x,1,190157,C,R8,Mid,1of6,External,Tturg,p,c
2257_190157_C_R8_2of6_Tturg_1x1_d_c,2257,Nikon,1x,1,190157,C,R8,Mid,2of6,Internal,Tturg,d,c
2258_190157_C_R8_2of6_Tturg_1x1_l_c,2258,Nikon,1x,1,190157,C,R8,Mid,2of6,Internal,Tturg,l,c
2259_190157_C_R8_5of6_Tturg_1x1_p_c,2259,Nikon,1x,1,190157,C,R8,Mid,2of6,Internal,Tturg,p,c
2260_190157_C_R8_5of6_Tturg_1x1_d_c,2260,Nikon,1x,1,190157,C,R8,Mid,5of6,Internal,Tturg,d,c
2261_190157_C_R8_5of6_Tturg_1x1_l_c,2261,Nikon,1x,1,190157,C,R8,Mid,5of6,Internal,Tturg,l,c
2262_190157_C_R8_5of6_Tturg_1x1_p_c,2262,Nikon,1x,1,190157,C,R8,Mid,5of6,Internal,Tturg,p,c
2263_190157_C_R13_1of2_Tturg_1x1_d_c,2263,Nikon,1x,1,190157,C,R13,Top,1of2,External,Tturg,d,c
2264_190157_C_R13_1of2_Tturg_1x1_l_c,2264,Nikon,1x,1,190157,C,R13,Top,1of2,External,Tturg,l,c
2265_190157_C_R13_1of2_Tturg_1x1_p_c,2265,Nikon,1x,1,190157,C,R13,Top,1of2,External,Tturg,p,c
2266_190157_C_R13_2of2_Tturg_1x1_d_c,2266,Nikon,1x,1,190157,C,R13,Top,2of2,External,Tturg,d,c
2267_190157_C_R13_2of2_Tturg_1x1_l_c,2267,Nikon,1x,1,190157,C,R13,Top,2of2,External,Tturg,l,c
2268_190157_C_R13_2of2_Tturg_1x1_p_c,2268,Nikon,1x,1,190157,C,R13,Top,2of2,External,Tturg,p,c
2269_190157_C_R14_1of1_Tturg_1x1_d_c,2269,Nikon,1x,1,190157,C,R14,Top,1of1,Solo,Tturg,d,c
2270_190157_C_R14_1of1_Tturg_1x1_l_c,2270,Nikon,1x,1,190157,C,R14,Top,1of1,Solo,Tturg,l,c
2271_190157_C_R14_1of1_Tturg_1x1_p_c,2271,Nikon,1x,1,190157,C,R14,Top,1of1,Solo,Tturg,p,c
2515_TRI8005_A_R1_1of3_Tdur_1x1_d_c,2515,Nikon,1x,1,TRI8005,A,R1,Base,1of3,External,Tdur,d,c
2516_TRI8005_A_R1_1of3_Tdur_1x1_l_c,2516,Nikon,1x,1,TRI8005,A,R1,Base,1of3,External,Tdur,l,c
2517_TRI8005_A_R1_1of3_Tdur_1x1_p_c,2517,Nikon,1x,1,TRI8005,A,R1,Base,1of3,External,Tdur,p,c
2518_TRI8005_A_R1_2of3_Tdur_1x1_d_c,2518,Nikon,1x,1,TRI8005,A,R1,Base,2of3,Internal,Tdur,d,c
2519_TRI8005_A_R1_2of3_Tdur_1x1_l_c,2519,Nikon,1x,1,TRI8005,A,R1,Base,2of3,Internal,Tdur,l,c
2520_TRI8005_A_R1_2of3_Tdur_1x1_p_c,2520,Nikon,1x,1,TRI8005,A,R1,Base,2of3,Internal,Tdur,p,c
2521_TRI8005_A_R1_3of3_Tdur_1x1_d_c,2521,Nikon,1x,1,TRI8005,A,R1,Base,3of3,External,Tdur,d,c
2522_TRI8005_A_R1_3of3_Tdur_1x1_l_c,2522,Nikon,1x,1,TRI8005,A,R1,Base,3of3,External,Tdur,l,c
2523_TRI8005_A_R1_3of3_Tdur_1x1_p_c,2523,Nikon,1x,1,TRI8005,A,R1,Base,3of3,External,Tdur,p,c
2524_TRI8005_A_R9_1of2_Tdur_1x1_d_c,2524,Nikon,1x,1,TRI8005,A,R9,Mid,1of2,External,Tdur,d,c
2525_TRI8005_A_R9_1of2_Tdur_1x1_l_c,2525,Nikon,1x,1,TRI8005,A,R9,Mid,1of2,External,Tdur,l,c
2526_TRI8005_A_R9_1of2_Tdur_1x1_p_c,2526,Nikon,1x,1,TRI8005,A,R9,Mid,1of2,External,Tdur,p,c
2527_TRI8005_A_R9_2of2_Tdur_1x1_d_c,2527,Nikon,1x,1,TRI8005,A,R9,Mid,2of2,External,Tdur,d,c
2528_TRI8005_A_R9_2of2_Tdur_1x1_l_c,2528,Nikon,1x,1,TRI8005,A,R9,Mid,2of2,External,Tdur,l,c
2529_TRI8005_A_R9_2of2_Tdur_1x1_p_c,2529,Nikon,1x,1,TRI8005,A,R9,Mid,2of2,External,Tdur,p,c
2530_TRI8005_A_R10_2of3_Tdur_1x1_d_c,2530,Nikon,1x,1,TRI8005,A,R10,Mid,2of3,Internal,Tdur,d,c
2531_TRI8005_A_R10_2of3_Tdur_1x1_l_c,2531,Nikon,1x,1,TRI8005,A,R10,Mid,2of3,Internal,Tdur,l,c
2532_TRI8005_A_R10_2of3_Tdur_1x1_p_c,2532,Nikon,1x,1,TRI8005,A,R10,Mid,2of3,Internal,Tdur,p,c
2533_TRI8005_A_R17_2of2_Tdur_1x1_d_c,2533,Nikon,1x,1,TRI8005,A,R17,Top,2of2,External,Tdur,d,c
2534_TRI8005_A_R17_2of2_Tdur_1x1_l_c,2534,Nikon,1x,1,TRI8005,A,R17,Top,2of2,External,Tdur,l,c
2535_TRI8005_A_R17_2of2_Tdur_1x1_p_c,2535,Nikon,1x,1,TRI8005,A,R17,Top,2of2,External,Tdur,p,c
2536_TRI8005_A_R18_1of2_Tdur_1x1_d_c,2536,Nikon,1x,1,TRI8005,A,R18,Top,1of2,External,Tdur,d,c
2537_TRI8005_A_R18_1of2_Tdur_1x1_l_c,2537,Nikon,1x,1,TRI8005,A,R18,Top,1of2,External,Tdur,l,c
2538_TRI8005_A_R18_1of2_Tdur_1x1_p_c,2538,Nikon,1x,1,TRI8005,A,R18,Top,1of2,External,Tdur,p,c
2539_TRI8005_A_R18_2of2_Tdur_1x1_d_c,2539,Nikon,1x,1,TRI8005,A,R18,Top,2of2,External,Tdur,d,c
2540_TRI8005_A_R18_2of2_Tdur_1x1_l_c,2540,Nikon,1x,1,TRI8005,A,R18,Top,2of2,External,Tdur,l,c
2541_TRI8005_A_R18_2of2_Tdur_1x1_p_c,2541,Nikon,1x,1,TRI8005,A,R18,Top,2of2,External,Tdur,p,c
2542_TRI8005_B_R1_1of2_Tdur_1x1_d_c,2542,Nikon,1x,1,TRI8005,B,R1,Base,1of2,External,Tdur,d,c
2543_TRI8005_B_R1_1of2_Tdur_1x1_l_c,2543,Nikon,1x,1,TRI8005,B,R1,Base,1of2,External,Tdur,l,c
2544_TRI8005_B_R1_1of2_Tdur_1x1_p_c,2544,Nikon,1x,1,TRI8005,B,R1,Base,1of2,External,Tdur,p,c
2545_TRI8005_B_R1_2of2_Tdur_1x1_d_c,2545,Nikon,1x,1,TRI8005,B,R1,Base,2of2,External,Tdur,d,c
2546_TRI8005_B_R1_2of2_Tdur_1x1_l_c,2546,Nikon,1x,1,TRI8005,B,R1,Base,2of2,External,Tdur,l,c
2547_TRI8005_B_R1_2of2_Tdur_1x1_p_c,2547,Nikon,1x,1,TRI8005,B,R1,Base,2of2,External,Tdur,p,c
2548_TRI8005_B_R2_1of2_Tdur_1x1_d_c,2548,Nikon,1x,1,TRI8005,B,R2,Base,1of2,External,Tdur,d,c
2549_TRI8005_B_R2_1of2_Tdur_1x1_l_c,2549,Nikon,1x,1,TRI8005,B,R2,Base,1of2,External,Tdur,l,c
2550_TRI8005_B_R2_1of2_Tdur_1x1_p_c,2550,Nikon,1x,1,TRI8005,B,R2,Base,1of2,External,Tdur,p,c
2551_TRI8005_B_R7_1of3_Tdur_1x1_d_c,2551,Nikon,1x,1,TRI8005,B,R7,Mid,1of3,External,Tdur,d,c
2552_TRI8005_B_R7_1of3_Tdur_1x1_l_c,2552,Nikon,1x,1,TRI8005,B,R7,Mid,1of3,External,Tdur,l,c
2553_TRI8005_B_R7_1of3_Tdur_1x1_p_c,2553,Nikon,1x,1,TRI8005,B,R7,Mid,1of3,External,Tdur,p,c
2554_TRI8005_B_R7_2of3_Tdur_1x1_d_c,2554,Nikon,1x,1,TRI8005,B,R7,Mid,2of3,Internal,Tdur,d,c
2555_TRI8005_B_R7_2of3_Tdur_1x1_l_c,2555,Nikon,1x,1,TRI8005,B,R7,Mid,2of3,Internal,Tdur,l,c
2556_TRI8005_B_R7_2of3_Tdur_1x1_p_c,2556,Nikon,1x,1,TRI8005,B,R7,Mid,2of3,Internal,Tdur,p,c
2557_TRI8005_B_R7_3of3_Tdur_1x1_d_c,2557,Nikon,1x,1,TRI8005,B,R7,Mid,3of3,External,Tdur,d,c
2558_TRI8005_B_R7_3of3_Tdur_1x1_l_c,2558,Nikon,1x,1,TRI8005,B,R7,Mid,3of3,External,Tdur,l,c
2559_TRI8005_B_R7_3of3_Tdur_1x1_p_c,2559,Nikon,1x,1,TRI8005,B,R7,Mid,3of3,External,Tdur,p,c
2560_TRI8005_B_R14_1of2_Tdur_1x1_d_c,2560,Nikon,1x,1,TRI8005,B,R14,Top,1of2,External,Tdur,d,c
2561_TRI8005_B_R14_1of2_Tdur_1x1_l_c,2561,Nikon,1x,1,TRI8005,B,R14,Top,1of2,External,Tdur,l,c
2562_TRI8005_B_R14_1of2_Tdur_1x1_p_c,2562,Nikon,1x,1,TRI8005,B,R14,Top,1of2,External,Tdur,p,c
2563_TRI8005_B_R14_2of2_Tdur_1x1_d_c,2563,Nikon,1x,1,TRI8005,B,R14,Top,2of2,External,Tdur,d,c
2564_TRI8005_B_R14_2of2_Tdur_1x1_l_c,2564,Nikon,1x,1,TRI8005,B,R14,Top,2of2,External,Tdur,l,c
2565_TRI8005_B_R14_2of2_Tdur_1x1_p_c,2565,Nikon,1x,1,TRI8005,B,R14,Top,2of2,External,Tdur,p,c
2566_TRI8005_B_R15_1of1_Tdur_1x1_d_c,2566,Nikon,1x,1,TRI8005,B,R15,Top,1of1,Solo,Tdur,d,c
2567_TRI8005_B_R15_1of1_Tdur_1x1_l_c,2567,Nikon,1x,1,TRI8005,B,R15,Top,1of1,Solo,Tdur,l,c
2568_TRI8005_B_R15_1of1_Tdur_1x1_p_c,2568,Nikon,1x,1,TRI8005,B,R15,Top,1of1,Solo,Tdur,p,c
2569_TRI8005_C_R1_1of2_Tdur_1x1_d_c,2569,Nikon,1x,1,TRI8005,C,R1,,1of2,External,Tdur,d,c
2570_TRI8005_C_R1_1of2_Tdur_1x1_l_c,2570,Nikon,1x,1,TRI8005,C,R1,,1of2,External,Tdur,l,c
2571_TRI8005_C_R1_1of2_Tdur_1x1_p_c,2571,Nikon,1x,1,TRI8005,C,R1,,1of2,External,Tdur,p,c
2572_TRI8005_C_R1_2of2_Tdur_1x1_d_c,2572,Nikon,1x,1,TRI8005,C,R1,,2of2,External,Tdur,d,c
2573_TRI8005_C_R1_2of2_Tdur_1x1_l_c,2573,Nikon,1x,1,TRI8005,C,R1,,2of2,External,Tdur,l,c
2574_TRI8005_C_R1_2of2_Tdur_1x1_p_c,2574,Nikon,1x,1,TRI8005,C,R1,,2of2,External,Tdur,p,c
2575_TRI8005_C_R2_2of3_Tdur_1x1_d_c,2575,Nikon,1x,1,TRI8005,C,R2,,2of3,Internal,Tdur,d,c
2576_TRI8005_C_R2_2of3_Tdur_1x1_l_c,2576,Nikon,1x,1,TRI8005,C,R2,,2of3,Internal,Tdur,l,c
2577_TRI8005_C_R2_2of3_Tdur_1x1_p_c,2577,Nikon,1x,1,TRI8005,C,R2,,2of3,Internal,Tdur,p,c
2578_TRI8005_C_R8_1of3_Tdur_1x1_d_c,2578,Nikon,1x,1,TRI8005,C,R8,,1of3,External,Tdur,d,c
2579_TRI8005_C_R8_1of3_Tdur_1x1_l_c,2579,Nikon,1x,1,TRI8005,C,R8,,1of3,External,Tdur,l,c
2580_TRI8005_C_R8_1of3_Tdur_1x1_p_c,2580,Nikon,1x,1,TRI8005,C,R8,,1of3,External,Tdur,p,c
2581_TRI8005_C_R8_2of3_Tdur_1x1_d_c,2581,Nikon,1x,1,TRI8005,C,R8,,2of3,Internal,Tdur,d,c
2582_TRI8005_C_R8_2of3_Tdur_1x1_l_c,2582,Nikon,1x,1,TRI8005,C,R8,,2of3,Internal,Tdur,l,c
2583_TRI8005_C_R8_2of3_Tdur_1x1_p_c,2583,Nikon,1x,1,TRI8005,C,R8,,2of3,Internal,Tdur,p,c
2584_TRI8005_C_R8_3of3_Tdur_1x1_d_c,2584,Nikon,1x,1,TRI8005,C,R8,,3of3,External,Tdur,d,c
2585_TRI8005_C_R8_3of3_Tdur_1x1_l_c,2585,Nikon,1x,1,TRI8005,C,R8,,3of3,External,Tdur,l,c
2586_TRI8005_C_R8_3of3_Tdur_1x1_p_c,2586,Nikon,1x,1,TRI8005,C,R8,,3of3,External,Tdur,p,c
2587_TRI8005_C_R15_1of2_Tdur_1x1_d_c,2587,Nikon,1x,1,TRI8005,C,R15,,1of2,External,Tdur,d,c
2588_TRI8005_C_R15_1of2_Tdur_1x1_l_c,2588,Nikon,1x,1,TRI8005,C,R15,,1of2,External,Tdur,l,c
2589_TRI8005_C_R15_1of2_Tdur_1x1_p_c,2589,Nikon,1x,1,TRI8005,C,R15,,1of2,External,Tdur,p,c
2590_TRI8005_C_R15_2of2_Tdur_1x1_d_c,2590,Nikon,1x,1,TRI8005,C,R15,,2of2,External,Tdur,d,c
2591_TRI8005_C_R15_2of2_Tdur_1x1_l_c,2591,Nikon,1x,1,TRI8005,C,R15,,2of2,External,Tdur,l,c
2592_TRI8005_C_R15_2of2_Tdur_1x1_p_c,2592,Nikon,1x,1,TRI8005,C,R15,,2of2,External,Tdur,p,c
2593_TRI8005_C_R16_1of1_Tdur_1x1_d_c,2593,Nikon,1x,1,TRI8005,C,R16,,1of1,Solo,Tdur,d,c
2594_TRI8005_C_R16_1of1_Tdur_1x1_l_c,2594,Nikon,1x,1,TRI8005,C,R16,,1of1,Solo,Tdur,l,c
2595_TRI8005_C_R16_1of1_Tdur_1x1_p_c,2595,Nikon,1x,1,TRI8005,C,R16,,1of1,Solo,Tdur,p,c
2596_W6537_A_R1_1of3_Taes_1x1_d_c,2596,Nikon,1x,1,W6537,A,R1,Base,1of3,External,Taes,d,c
2597_W6537_A_R1_1of3_Taes_1x1_l_c,2597,Nikon,1x,1,W6537,A,R1,Base,1of3,External,Taes,l,c
2598_W6537_A_R1_1of3_Taes_1x1_p_c,2598,Nikon,1x,1,W6537,A,R1,Base,1of3,External,Taes,p,c
2599_W6537_A_R1_1of3_Taes_1x1_d_c,2599,Nikon,1x,1,W6537,A,R1,Base,2of3,Internal,Taes,d,c
2600_W6537_A_R1_2of3_Taes_1x1_l_c,2600,Nikon,1x,1,W6537,A,R1,Base,2of3,Internal,Taes,l,c
2601_W6537_A_R1_2of3_Taes_1x1_p_c,2601,Nikon,1x,1,W6537,A,R1,Base,2of3,Internal,Taes,p,c
2602_W6537_A_R1_3of3_Taes_1x1_d_c,2602,Nikon,1x,1,W6537,A,R1,Base,3of3,External,Taes,d,c
2603_W6537_A_R1_3of3_Taes_1x1_l_c,2603,Nikon,1x,1,W6537,A,R1,Base,3of3,External,Taes,l,c
2604_W6537_A_R1_3of3_Taes_1x1_p_c,2604,Nikon,1x,1,W6537,A,R1,Base,3of3,External,Taes,p,c
2605_W6537_A_R9_3of5_Taes_1x1_d_c,2605,Nikon,1x,1,W6537,A,R9,Mid,3of5,Internal,Taes,d,c
2606_W6537_A_R9_3of5_Taes_1x1_l_c,2606,Nikon,1x,1,W6537,A,R9,Mid,3of5,Internal,Taes,l,c
2607_W6537_A_R9_3of5_Taes_1x1_p_c,2607,Nikon,1x,1,W6537,A,R9,Mid,3of5,Internal,Taes,p,c
2608_W6537_A_R9_4of5_Taes_1x1_d_c,2608,Nikon,1x,1,W6537,A,R9,Mid,4of5,Internal,Taes,d,c
2609_W6537_A_R9_4of5_Taes_1x1_l_c,2609,Nikon,1x,1,W6537,A,R9,Mid,4of5,Internal,Taes,l,c
2610_W6537_A_R9_4of5_Taes_1x1_p_c,2610,Nikon,1x,1,W6537,A,R9,Mid,4of5,Internal,Taes,p,c
2611_W6537_A_R9_5of5_Taes_1x1_d_c,2611,Nikon,1x,1,W6537,A,R9,Mid,5of5,External,Taes,d,c
2612_W6537_A_R9_5of5_Taes_1x1_l_c,2612,Nikon,1x,1,W6537,A,R9,Mid,5of5,External,Taes,l,c
2613_W6537_A_R9_5of5_Taes_1x1_p_c,2613,Nikon,1x,1,W6537,A,R9,Mid,5of5,External,Taes,p,c
2614_W6537_A_R16_2of2_Taes_1x1_d_c,2614,Nikon,1x,1,W6537,A,R16,Top,2of2,External,Taes,d,c
2615_W6537_A_R16_2of2_Taes_1x1_l_c,2615,Nikon,1x,1,W6537,A,R16,Top,2of2,External,Taes,l,c
2616_W6537_A_R16_2of2_Taes_1x1_p_c,2616,Nikon,1x,1,W6537,A,R16,Top,2of2,External,Taes,p,c
2617_W6537_A_R17_1of1_Taes_1x1_d_c,2617,Nikon,1x,1,W6537,A,R17,Top,1of1,Solo,Taes,d,c
2618_W6537_A_R17_1of1_Taes_1x1_l_c,2618,Nikon,1x,1,W6537,A,R17,Top,1of1,Solo,Taes,l,c
2619_W6537_A_R17_1of1_Taes_1x1_p_c,2619,Nikon,1x,1,W6537,A,R17,Top,1of1,Solo,Taes,p,c
2620_W6537_A_R18_1of1_Taes_1x1_d_c,2620,Nikon,1x,1,W6537,A,R18,Top,1of1,Solo,Taes,d,c
2621_W6537_A_R18_1of1_Taes_1x1_l_c,2621,Nikon,1x,1,W6537,A,R18,Top,1of1,Solo,Taes,l,c
2622_W6537_A_R18_1of1_Taes_1x1_p_c,2622,Nikon,1x,1,W6537,A,R18,Top,1of1,Solo,Taes,p,c
2623_W6537_B_R1_1of1_Taes_1x1_d_c,2623,Nikon,1x,1,W6537,B,R1,Base,1of1,Solo,Taes,d,c
2624_W6537_B_R1_1of1_Taes_1x1_l_c,2624,Nikon,1x,1,W6537,B,R1,Base,1of1,Solo,Taes,l,c
2625_W6537_B_R1_1of1_Taes_1x1_p_c,2625,Nikon,1x,1,W6537,B,R1,Base,1of1,Solo,Taes,p,c
2626_W6537_B_R2_2of3_Taes_1x1_d_c,2626,Nikon,1x,1,W6537,B,R2,Base,2of3,Internal,Taes,d,c
2627_W6537_B_R2_2of3_Taes_1x1_l_c,2627,Nikon,1x,1,W6537,B,R2,Base,2of3,Internal,Taes,l,c
2628_W6537_B_R2_2of3_Taes_1x1_p_c,2628,Nikon,1x,1,W6537,B,R2,Base,2of3,Internal,Taes,p,c
2629_W6537_B_R2_3of3_Taes_1x1_d_c,2629,Nikon,1x,1,W6537,B,R2,Base,3of3,External,Taes,d,c
2630_W6537_B_R2_3of3_Taes_1x1_l_c,2630,Nikon,1x,1,W6537,B,R2,Base,3of3,External,Taes,l,c
2631_W6537_B_R2_3of3_Taes_1x1_p_c,2631,Nikon,1x,1,W6537,B,R2,Base,3of3,External,Taes,p,c
2632_W6537_B_R11_2of4_Taes_1x1_d_c,2632,Nikon,1x,1,W6537,B,R11,Mid,2of4,Internal,Taes,d,c
2633_W6537_B_R11_2of4_Taes_1x1_l_c,2633,Nikon,1x,1,W6537,B,R11,Mid,2of4,Internal,Taes,l,c
2634_W6537_B_R11_2of4_Taes_1x1_p_c,2634,Nikon,1x,1,W6537,B,R11,Mid,2of4,Internal,Taes,p,c
2635_W6537_B_R11_3of4_Taes_1x1_d_c,2635,Nikon,1x,1,W6537,B,R11,Mid,3of4,Internal,Taes,d,c
2636_W6537_B_R11_3of4_Taes_1x1_l_c,2636,Nikon,1x,1,W6537,B,R11,Mid,3of4,Internal,Taes,l,c
2637_W6537_B_R11_3of4_Taes_1x1_p_c,2637,Nikon,1x,1,W6537,B,R11,Mid,3of4,Internal,Taes,p,c
2638_W6537_B_R11_4of4_Taes_1x1_d_c,2638,Nikon,1x,1,W6537,B,R11,Mid,4of4,External,Taes,d,c
2639_W6537_B_R11_4of4_Taes_1x1_l_c,2639,Nikon,1x,1,W6537,B,R11,Mid,4of4,External,Taes,l,c
2640_W6537_B_R11_4of4_Taes_1x1_p_c,2640,Nikon,1x,1,W6537,B,R11,Mid,4of4,External,Taes,p,c
2641_W6537_B_R16_1of1_Taes_1x1_d_c,2641,Nikon,1x,1,W6537,B,R16,Top,1of1,Solo,Taes,d,c
2642_W6537_B_R16_1of1_Taes_1x1_l_c,2642,Nikon,1x,1,W6537,B,R16,Top,1of1,Solo,Taes,l,c
2643_W6537_B_R16_1of1_Taes_1x1_p_c,2643,Nikon,1x,1,W6537,B,R16,Top,1of1,Solo,Taes,p,c
2644_W6537_B_R17_1of1_Taes_1x1_d_c,2644,Nikon,1x,1,W6537,B,R17,Top,1of1,Solo,Taes,d,c
2645_W6537_B_R17_1of1_Taes_1x1_l_c,2645,Nikon,1x,1,W6537,B,R17,Top,1of1,Solo,Taes,l,c
2646_W6537_B_R17_1of1_Taes_1x1_p_c,2646,Nikon,1x,1,W6537,B,R17,Top,1of1,Solo,Taes,p,c
2647_W6537_B_R18_1of1_Taes_1x1_d_c,2647,Nikon,1x,1,W6537,B,R18,Top,1of1,Solo,Taes,d,c
2648_W6537_B_R18_1of1_Taes_1x1_l_c,2648,Nikon,1x,1,W6537,B,R18,Top,1of1,Solo,Taes,l,c
2649_W6537_B_R18_1of1_Taes_1x1_p_c,2649,Nikon,1x,1,W6537,B,R18,Top,1of1,Solo,Taes,p,c
2650_W6537_C_R1_1of3_Taes_1x1_d_c,2650,Nikon,1x,1,W6537,C,R1,Base,1of3,External,Taes,d,c
2651_W6537_C_R1_1of3_Taes_1x1_l_c,2651,Nikon,1x,1,W6537,C,R1,Base,1of3,External,Taes,l,c
2652_W6537_C_R1_1of3_Taes_1x1_p_c,2652,Nikon,1x,1,W6537,C,R1,Base,1of3,External,Taes,p,c
2653_W6537_C_R1_2of3_Taes_1x1_d_c,2653,Nikon,1x,1,W6537,C,R1,Base,2of3,Internal,Taes,d,c
2654_W6537_C_R1_2of3_Taes_1x1_l_c,2654,Nikon,1x,1,W6537,C,R1,Base,2of3,Internal,Taes,l,c
2655_W6537_C_R1_2of3_Taes_1x1_p_c,2655,Nikon,1x,1,W6537,C,R1,Base,2of3,Internal,Taes,p,c
2656_W6537_C_R1_3of3_Taes_1x1_d_c,2656,Nikon,1x,1,W6537,C,R1,Base,3of3,External,Taes,d,c
2657_W6537_C_R1_3of3_Taes_1x1_l_c,2657,Nikon,1x,1,W6537,C,R1,Base,3of3,External,Taes,l,c
2658_W6537_C_R1_3of3_Taes_1x1_p_c,2658,Nikon,1x,1,W6537,C,R1,Base,3of3,External,Taes,p,c
2659_W6537_C_R10_1of4_Taes_1x1_d_c,2659,Nikon,1x,1,W6537,C,R10,Mid,1of4,External,Taes,d,c
2660_W6537_C_R10_1of4_Taes_1x1_l_c,2660,Nikon,1x,1,W6537,C,R10,Mid,1of4,External,Taes,l,c
2661_W6537_C_R10_1of4_Taes_1x1_p_c,2661,Nikon,1x,1,W6537,C,R10,Mid,1of4,External,Taes,p,c
2662_W6537_C_R10_2of4_Taes_1x1_d_c,2662,Nikon,1x,1,W6537,C,R10,Mid,2of4,External,Taes,d,c
2663_W6537_C_R10_2of4_Taes_1x1_l_c,2663,Nikon,1x,1,W6537,C,R10,Mid,2of4,External,Taes,l,c
2664_W6537_C_R10_2of4_Taes_1x1_p_c,2664,Nikon,1x,1,W6537,C,R10,Mid,2of4,External,Taes,p,c
2665_W6537_C_R10_3of4_Taes_1x1_d_c,2665,Nikon,1x,1,W6537,C,R10,Mid,3of4,Internal,Taes,d,c
2666_W6537_C_R10_3of4_Taes_1x1_l_c,2666,Nikon,1x,1,W6537,C,R10,Mid,3of4,Internal,Taes,l,c
2667_W6537_C_R10_3of4_Taes_1x1_p_c,2667,Nikon,1x,1,W6537,C,R10,Mid,3of4,Internal,Taes,p,c
2668_W6537_C_R17_2of2_Taes_1x1_d_c,2668,Nikon,1x,1,W6537,C,R17,Top,2of2,External,Taes,d,c
2669_W6537_C_R17_2of2_Taes_1x1_l_c,2669,Nikon,1x,1,W6537,C,R17,Top,2of2,External,Taes,l,c
2670_W6537_C_R17_2of2_Taes_1x1_p_c,2670,Nikon,1x,1,W6537,C,R17,Top,2of2,External,Taes,p,c
2671_W6537_C_R18_1of2_Taes_1x1_d_c,2671,Nikon,1x,1,W6537,C,R18,Top,1of2,External,Taes,d,c
2672_W6537_C_R18_1of2_Taes_1x1_l_c,2672,Nikon,1x,1,W6537,C,R18,Top,1of2,External,Taes,l,c
2673_W6537_C_R18_1of2_Taes_1x1_p_c,2673,Nikon,1x,1,W6537,C,R18,Top,1of2,External,Taes,p,c
2674_W6537_C_R18_2of2_Taes_1x1_d_c,2674,Nikon,1x,1,W6537,C,R18,Top,2of2,External,Taes,d,c
2675_W6537_C_R18_2of2_Taes_1x1_l_c,2675,Nikon,1x,1,W6537,C,R18,Top,2of2,External,Taes,l,c
2676_W6537_C_R18_2of2_Taes_1x1_p_c,2676,Nikon,1x,1,W6537,C,R18,Top,2of2,External,Taes,p,c
2677_W1022_A_R1_1of4_Tturg_1x1_d_c,2677,Nikon,1x,1,W1022,A,R1,Base,1of4,External,Tturg,d,c
2678_W1022_A_R1_1of4_Tturg_1x1_l_c,2678,Nikon,1x,1,W1022,A,R1,Base,1of4,External,Tturg,l,c
2679_W1022_A_R1_1of4_Tturg_1x1_p_c,2679,Nikon,1x,1,W1022,A,R1,Base,1of4,External,Tturg,p,c
2680_W1022_A_R1_2of4_Tturg_1x1_d_c,2680,Nikon,1x,1,W1022,A,R1,Base,2of4,Internal,Tturg,d,c
2681_W1022_A_R1_2of4_Tturg_1x1_l_c,2681,Nikon,1x,1,W1022,A,R1,Base,2of4,Internal,Tturg,l,c
2682_W1022_A_R1_2of4_Tturg_1x1_p_c,2682,Nikon,1x,1,W1022,A,R1,Base,2of4,Internal,Tturg,p,c
2683_W1022_A_R1_3of4_Tturg_1x1_d_c,2683,Nikon,1x,1,W1022,A,R1,Base,3of4,Internal,Tturg,d,c
2684_W1022_A_R1_3of4_Tturg_1x1_l_c,2684,Nikon,1x,1,W1022,A,R1,Base,3of4,Internal,Tturg,l,c
2685_W1022_A_R1_3of4_Tturg_1x1_p_c,2685,Nikon,1x,1,W1022,A,R1,Base,3of4,Internal,Tturg,p,c
2686_W1022_A_R11_1of4_Tturg_1x1_d_c,2686,Nikon,1x,1,W1022,A,R11,Mid,1of4,External,Tturg,d,c
2687_W1022_A_R11_1of4_Tturg_1x1_l_c,2687,Nikon,1x,1,W1022,A,R11,Mid,1of4,External,Tturg,l,c
2688_W1022_A_R11_1of4_Tturg_1x1_p_c,2688,Nikon,1x,1,W1022,A,R11,Mid,1of4,External,Tturg,p,c
2689_W1022_A_R11_2of4_Tturg_1x1_d_c,2689,Nikon,1x,1,W1022,A,R11,Mid,2of4,Internal,Tturg,d,c
2690_W1022_A_R11_2of4_Tturg_1x1_l_c,2690,Nikon,1x,1,W1022,A,R11,Mid,2of4,Internal,Tturg,l,c
2691_W1022_A_R11_2of4_Tturg_1x1_p_c,2691,Nikon,1x,1,W1022,A,R11,Mid,2of4,Internal,Tturg,p,c
2692_W1022_A_R11_3of4_Tturg_1x1_d_c,2692,Nikon,1x,1,W1022,A,R11,Mid,3of4,Internal,Tturg,d,c
2693_W1022_A_R11_3of4_Tturg_1x1_l_c,2693,Nikon,1x,1,W1022,A,R11,Mid,3of4,Internal,Tturg,l,c
2694_W1022_A_R11_3of4_Tturg_1x1_p_c,2694,Nikon,1x,1,W1022,A,R11,Mid,3of4,Internal,Tturg,p,c
2695_W1022_A_R18_3of3_Tturg_1x1_d_c,2695,Nikon,1x,1,W1022,A,R18,Top,3of3,External,Tturg,d,c
2696_W1022_A_R18_3of3_Tturg_1x1_l_c,2696,Nikon,1x,1,W1022,A,R18,Top,3of3,External,Tturg,l,c
2697_W1022_A_R18_3of3_Tturg_1x1_p_c,2697,Nikon,1x,1,W1022,A,R18,Top,3of3,External,Tturg,p,c
2698_W1022_A_R19_1of2_Tturg_1x1_d_c,2698,Nikon,1x,1,W1022,A,R19,Top,1of2,External,Tturg,d,c
2699_W1022_A_R19_1of2_Tturg_1x1_l_c,2699,Nikon,1x,1,W1022,A,R19,Top,1of2,External,Tturg,l,c
2700_W1022_A_R19_1of2_Tturg_1x1_p_c,2700,Nikon,1x,1,W1022,A,R19,Top,1of2,External,Tturg,p,c
2701_W1022_A_R19_2of2_Tturg_1x1_d_c,2701,Nikon,1x,1,W1022,A,R19,Top,2of2,External,Tturg,d,c
2702_W1022_A_R19_2of2_Tturg_1x1_l_c,2702,Nikon,1x,1,W1022,A,R19,Top,2of2,External,Tturg,l,c
2703_W1022_A_R19_2of2_Tturg_1x1_p_c,2703,Nikon,1x,1,W1022,A,R19,Top,2of2,External,Tturg,p,c
2704_W1022_B_R1_2of4_Tturg_1x1_d_c,2704,Nikon,1x,1,W1022,B,R1,Base,2of4,Internal,Tturg,d,c
2705_W1022_B_R1_2of4_Tturg_1x1_l_c,2705,Nikon,1x,1,W1022,B,R1,Base,2of4,Internal,Tturg,l,c
2706_W1022_B_R1_2of4_Tturg_1x1_p_c,2706,Nikon,1x,1,W1022,B,R1,Base,2of4,Internal,Tturg,p,c
2707_W1022_B_R1_3of4_Tturg_1x1_d_c,2707,Nikon,1x,1,W1022,B,R1,Base,3of4,Internal,Tturg,d,c
2708_W1022_B_R1_3of4_Tturg_1x1_l_c,2708,Nikon,1x,1,W1022,B,R1,Base,3of4,Internal,Tturg,l,c
2709_W1022_B_R1_3of4_Tturg_1x1_p_c,2709,Nikon,1x,1,W1022,B,R1,Base,3of4,Internal,Tturg,p,c
2710_W1022_B_R1_4of4_Tturg_1x1_d_c,2710,Nikon,1x,1,W1022,B,R1,Base,4of4,External,Tturg,d,c
2711_W1022_B_R1_4of4_Tturg_1x1_l_c,2711,Nikon,1x,1,W1022,B,R1,Base,4of4,External,Tturg,l,c
2712_W1022_B_R1_4of4_Tturg_1x1_p_c,2712,Nikon,1x,1,W1022,B,R1,Base,4of4,External,Tturg,p,c
2713_W1022_B_R12_1of3_Tturg_1x1_d_c,2713,Nikon,1x,1,W1022,B,R12,Mid,1of3,External,Tturg,d,c
2714_W1022_B_R12_1of3_Tturg_1x1_l_c,2714,Nikon,1x,1,W1022,B,R12,Mid,1of3,External,Tturg,l,c
2715_W1022_B_R12_1of3_Tturg_1x1_p_c,2715,Nikon,1x,1,W1022,B,R12,Mid,1of3,External,Tturg,p,c
2716_W1022_B_R12_2of3_Tturg_1x1_d_c,2716,Nikon,1x,1,W1022,B,R12,Mid,2of3,Internal,Tturg,d,c
2717_W1022_B_R12_2of3_Tturg_1x1_l_c,2717,Nikon,1x,1,W1022,B,R12,Mid,2of3,Internal,Tturg,l,c
2718_W1022_B_R12_2of3_Tturg_1x1_p_c,2718,Nikon,1x,1,W1022,B,R12,Mid,2of3,Internal,Tturg,p,c
2719_W1022_B_R12_3of3_Tturg_1x1_d_c,2719,Nikon,1x,1,W1022,B,R12,Mid,3of3,External,Tturg,d,c
2720_W1022_B_R12_3of3_Tturg_1x1_l_c,2720,Nikon,1x,1,W1022,B,R12,Mid,3of3,External,Tturg,l,c
2721_W1022_B_R12_3of3_Tturg_1x1_p_c,2721,Nikon,1x,1,W1022,B,R12,Mid,3of3,External,Tturg,p,c
2722_W1022_B_R23_1of2_Tturg_1x1_d_c,2722,Nikon,1x,1,W1022,B,R23,Top,1of2,External,Tturg,d,c
2723_W1022_B_R23_1of2_Tturg_1x1_l_c,2723,Nikon,1x,1,W1022,B,R23,Top,1of2,External,Tturg,l,c
2724_W1022_B_R23_1of2_Tturg_1x1_p_c,2724,Nikon,1x,1,W1022,B,R23,Top,1of2,External,Tturg,p,c
2725_W1022_B_R24_1of2_Tturg_1x1_d_c,2725,Nikon,1x,1,W1022,B,R24,Top,1of2,External,Tturg,d,c
2726_W1022_B_R24_1of2_Tturg_1x1_l_c,2726,Nikon,1x,1,W1022,B,R24,Top,1of2,External,Tturg,l,c
2727_W1022_B_R24_1of2_Tturg_1x1_p_c,2727,Nikon,1x,1,W1022,B,R24,Top,1of2,External,Tturg,p,c
2728_W1022_B_R24_2of2_Tturg_1x1_d_c,2728,Nikon,1x,1,W1022,B,R24,Top,2of2,External,Tturg,d,c
2729_W1022_B_R24_2of2_Tturg_1x1_l_c,2729,Nikon,1x,1,W1022,B,R24,Top,2of2,External,Tturg,l,c
2730_W1022_B_R24_2of2_Tturg_1x1_p_c,2730,Nikon,1x,1,W1022,B,R24,Top,2of2,External,Tturg,p,c
2731_W1022_C_R1_2of3_Tturg_1x1_d_c,2731,Nikon,1x,1,W1022,C,R1,Base,2of3,Internal,Tturg,d,c
2732_W1022_C_R1_2of3_Tturg_1x1_l_c,2732,Nikon,1x,1,W1022,C,R1,Base,2of3,Internal,Tturg,l,c
2733_W1022_C_R1_2of3_Tturg_1x1_p_c,2733,Nikon,1x,1,W1022,C,R1,Base,2of3,Internal,Tturg,p,c
2734_W1022_C_R1_3of3_Tturg_1x1_d_c,2734,Nikon,1x,1,W1022,C,R1,Base,3of3,External,Tturg,d,c
2735_W1022_C_R1_3of3_Tturg_1x1_l_c,2735,Nikon,1x,1,W1022,C,R1,Base,3of3,External,Tturg,l,c
2736_W1022_C_R1_3of3_Tturg_1x1_p_c,2736,Nikon,1x,1,W1022,C,R1,Base,3of3,External,Tturg,p,c
2737_W1022_C_R2_1of4_Tturg_1x1_d_c,2737,Nikon,1x,1,W1022,C,R2,Base,1of4,External,Tturg,d,c
2738_W1022_C_R2_1of4_Tturg_1x1_l_c,2738,Nikon,1x,1,W1022,C,R2,Base,1of4,External,Tturg,l,c
2739_W1022_C_R2_1of4_Tturg_1x1_p_c,2739,Nikon,1x,1,W1022,C,R2,Base,1of4,External,Tturg,p,c
2740_W1022_C_R12_3of5_Tturg_1x1_d_c,2740,Nikon,1x,1,W1022,C,R12,Mid,3of5,Internal,Tturg,d,c
2741_W1022_C_R12_3of5_Tturg_1x1_l_c,2741,Nikon,1x,1,W1022,C,R12,Mid,3of5,Internal,Tturg,l,c
2742_W1022_C_R12_3of5_Tturg_1x1_p_c,2742,Nikon,1x,1,W1022,C,R12,Mid,3of5,Internal,Tturg,p,c
2743_W1022_C_R12_4of5_Tturg_1x1_d_c,2743,Nikon,1x,1,W1022,C,R12,Mid,4of5,Internal,Tturg,d,c
2744_W1022_C_R12_4of5_Tturg_1x1_l_c,2744,Nikon,1x,1,W1022,C,R12,Mid,4of5,Internal,Tturg,l,c
2745_W1022_C_R12_4of5_Tturg_1x1_p_c,2745,Nikon,1x,1,W1022,C,R12,Mid,4of5,Internal,Tturg,p,c
2746_W1022_C_R12_5of5_Tturg_1x1_d_c,2746,Nikon,1x,1,W1022,C,R12,Mid,5of5,External,Tturg,d,c
2747_W1022_C_R12_5of5_Tturg_1x1_l_c,2747,Nikon,1x,1,W1022,C,R12,Mid,5of5,External,Tturg,l,c
2748_W1022_C_R12_5of5_Tturg_1x1_p_c,2748,Nikon,1x,1,W1022,C,R12,Mid,5of5,External,Tturg,p,c
2749_W1022_C_R20_3of3_Tturg_1x1_d_c,2749,Nikon,1x,1,W1022,C,R20,Top,3of3,External,Tturg,d,c
2750_W1022_C_R20_3of3_Tturg_1x1_l_c,2750,Nikon,1x,1,W1022,C,R20,Top,3of3,External,Tturg,l,c
2751_W1022_C_R20_3of3_Tturg_1x1_p_c,2751,Nikon,1x,1,W1022,C,R20,Top,3of3,External,Tturg,p,c
2752_W1022_C_R21_1of1_Tturg_1x1_d_c,2752,Nikon,1x,1,W1022,C,R21,Top,1of1,Solo,Tturg,d,c
2753_W1022_C_R21_1of1_Tturg_1x1_l_c,2753,Nikon,1x,1,W1022,C,R21,Top,1of1,Solo,Tturg,l,c
2754_W1022_C_R21_1of1_Tturg_1x1_p_c,2754,Nikon,1x,1,W1022,C,R21,Top,1of1,Solo,Tturg,p,c
2755_W1022_C_R22_1of1_Tturg_1x1_d_c,2755,Nikon,1x,1,W1022,C,R22,Top,1of1,Solo,Tturg,d,c
2756_W1022_C_R22_1of1_Tturg_1x1_l_c,2756,Nikon,1x,1,W1022,C,R22,Top,1of1,Solo,Tturg,l,c
2757_W1022_C_R22_1of1_Tturg_1x1_p_c,2757,Nikon,1x,1,W1022,C,R22,Top,1of1,Solo,Tturg,p,c
3136_PI362637_A_R1_2of2_Tdur_1x1_d_c,3136,Nikon,1x,1,PI362637,A,R1,Base,2of2,External,Tdur,d,c
3137_PI362637_A_R1_2of2_Tdur_1x1_l_c,3137,Nikon,1x,1,PI362637,A,R1,Base,2of2,External,Tdur,l,c
3138_PI362637_A_R1_2of2_Tdur_1x1_p_c,3138,Nikon,1x,1,PI362637,A,R1,Base,2of2,External,Tdur,p,c
3139_PI362637_A_R2_1of3_Tdur_1x1_d_c,3139,Nikon,1x,1,PI362637,A,R2,Base,1of3,External,Tdur,d,c
3140_PI362637_A_R2_1of3_Tdur_1x1_l_c,3140,Nikon,1x,1,PI362637,A,R2,Base,1of3,External,Tdur,l,c
3141_PI362637_A_R2_1of3_Tdur_1x1_p_c,3141,Nikon,1x,1,PI362637,A,R2,Base,1of3,External,Tdur,p,c
3142_PI362637_A_R2_2of3_Tdur_1x1_d_c,3142,Nikon,1x,1,PI362637,A,R2,Base,2of3,Internal,Tdur,d,c
3143_PI362637_A_R2_2of3_Tdur_1x1_l_c,3143,Nikon,1x,1,PI362637,A,R2,Base,2of3,Internal,Tdur,l,c
3144_PI362637_A_R2_2of3_Tdur_1x1_p_c,3144,Nikon,1x,1,PI362637,A,R2,Base,2of3,Internal,Tdur,p,c
3145_PI362637_A_R10_1of4_Tdur_1x1_d_c,3145,Nikon,1x,1,PI362637,A,R10,Mid,1of4,External,Tdur,d,c
3146_PI362637_A_R10_1of4_Tdur_1x1_l_c,3146,Nikon,1x,1,PI362637,A,R10,Mid,1of4,External,Tdur,l,c
3147_PI362637_A_R10_1of4_Tdur_1x1_p_c,3147,Nikon,1x,1,PI362637,A,R10,Mid,1of4,External,Tdur,p,c
3148_PI362637_A_R10_2of4_Tdur_1x1_d_c,3148,Nikon,1x,1,PI362637,A,R10,Mid,2of4,Internal,Tdur,d,c
3149_PI362637_A_R10_2of4_Tdur_1x1_l_c,3149,Nikon,1x,1,PI362637,A,R10,Mid,2of4,Internal,Tdur,l,c
3150_PI362637_A_R10_2of4_Tdur_1x1_p_c,3150,Nikon,1x,1,PI362637,A,R10,Mid,2of4,Internal,Tdur,p,c
3151_PI362637_A_R10_4of4_Tdur_1x1_d_c,3151,Nikon,1x,1,PI362637,A,R10,Mid,4of4,External,Tdur,d,c
3152_PI362637_A_R10_4of4_Tdur_1x1_l_c,3152,Nikon,1x,1,PI362637,A,R10,Mid,4of4,External,Tdur,l,c
3153_PI362637_A_R10_4of4_Tdur_1x1_p_c,3153,Nikon,1x,1,PI362637,A,R10,Mid,4of4,External,Tdur,p,c
3154_PI362637_A_R19_1of1_Tdur_1x1_d_c,3154,Nikon,1x,1,PI362637,A,R19,Top,1of1,Solo,Tdur,d,c
3155_PI362637_A_R19_1of1_Tdur_1x1_l_c,3155,Nikon,1x,1,PI362637,A,R19,Top,1of1,Solo,Tdur,l,c
3156_PI362637_A_R19_1of1_Tdur_1x1_p_c,3156,Nikon,1x,1,PI362637,A,R19,Top,1of1,Solo,Tdur,p,c
3157_PI362637_A_R20_1of2_Tdur_1x1_d_c,3157,Nikon,1x,1,PI362637,A,R20,Top,1of2,External,Tdur,d,c
3158_PI362637_A_R20_1of2_Tdur_1x1_l_c,3158,Nikon,1x,1,PI362637,A,R20,Top,1of2,External,Tdur,l,c
3159_PI362637_A_R20_1of2_Tdur_1x1_p_c,3159,Nikon,1x,1,PI362637,A,R20,Top,1of2,External,Tdur,p,c
3160_PI362637_A_R20_2of2_Tdur_1x1_d_c,3160,Nikon,1x,1,PI362637,A,R20,Top,2of2,External,Tdur,d,c
3161_PI362637_A_R20_2of2_Tdur_1x1_l_c,3161,Nikon,1x,1,PI362637,A,R20,Top,2of2,External,Tdur,l,c
3162_PI362637_A_R20_2of2_Tdur_1x1_p_c,3162,Nikon,1x,1,PI362637,A,R20,Top,2of2,External,Tdur,p,c
3163_PI362637_B_R1_1of2_Tdur_1x1_d_c,3163,Nikon,1x,1,PI362637,B,R1,Base,1of2,External,Tdur,d,c
3164_PI362637_B_R1_1of2_Tdur_1x1_l_c,3164,Nikon,1x,1,PI362637,B,R1,Base,1of2,External,Tdur,l,c
3165_PI362637_B_R1_1of2_Tdur_1x1_p_c,3165,Nikon,1x,1,PI362637,B,R1,Base,1of2,External,Tdur,p,c
3166_PI362637_B_R1_2of2_Tdur_1x1_d_c,3166,Nikon,1x,1,PI362637,B,R1,Base,2of2,External,Tdur,d,c
3167_PI362637_B_R1_2of2_Tdur_1x1_l_c,3167,Nikon,1x,1,PI362637,B,R1,Base,2of2,External,Tdur,l,c
3168_PI362637_B_R1_2of2_Tdur_1x1_p_c,3168,Nikon,1x,1,PI362637,B,R1,Base,2of2,External,Tdur,p,c
3169_PI362637_B_R2_1of3_Tdur_1x1_d_c,3169,Nikon,1x,1,PI362637,B,R2,Base,1of3,External,Tdur,d,c
3170_PI362637_B_R2_1of3_Tdur_1x1_l_c,3170,Nikon,1x,1,PI362637,B,R2,Base,1of3,External,Tdur,l,c
3171_PI362637_B_R2_1of3_Tdur_1x1_p_c,3171,Nikon,1x,1,PI362637,B,R2,Base,1of3,External,Tdur,p,c
3172_PI362637_B_R10_1of4_Tdur_1x1_d_c,3172,Nikon,1x,1,PI362637,B,R10,Mid,1of4,External,Tdur,d,c
3173_PI362637_B_R10_1of4_Tdur_1x1_l_c,3173,Nikon,1x,1,PI362637,B,R10,Mid,1of4,External,Tdur,l,c
3174_PI362637_B_R10_1of4_Tdur_1x1_p_c,3174,Nikon,1x,1,PI362637,B,R10,Mid,1of4,External,Tdur,p,c
3175_PI362637_B_R10_2of4_Tdur_1x1_d_c,3175,Nikon,1x,1,PI362637,B,R10,Mid,2of4,Internal,Tdur,d,c
3176_PI362637_B_R10_2of4_Tdur_1x1_l_c,3176,Nikon,1x,1,PI362637,B,R10,Mid,2of4,Internal,Tdur,l,c
3177_PI362637_B_R10_2of4_Tdur_1x1_p_c,3177,Nikon,1x,1,PI362637,B,R10,Mid,2of4,Internal,Tdur,p,c
3178_PI362637_B_R10_3of4_Tdur_1x1_d_c,3178,Nikon,1x,1,PI362637,B,R10,Mid,3of4,Internal,Tdur,d,c
3179_PI362637_B_R10_3of4_Tdur_1x1_l_c,3179,Nikon,1x,1,PI362637,B,R10,Mid,3of4,Internal,Tdur,l,c
3180_PI362637_B_R10_3of4_Tdur_1x1_p_c,3180,Nikon,1x,1,PI362637,B,R10,Mid,3of4,Internal,Tdur,p,c
3187_PI362637_B_R19_2of2_Tdur_1x1_d_c,3187,Nikon,1x,1,PI362637,B,R19,Top,2of2,External,Tdur,d,c
3188_PI362637_B_R19_2of2_Tdur_1x1_l_c,3188,Nikon,1x,1,PI362637,B,R19,Top,2of2,External,Tdur,l,c
3189_PI362637_B_R19_2of2_Tdur_1x1_p_c,3189,Nikon,1x,1,PI362637,B,R19,Top,2of2,External,Tdur,p,c
3190_PI362637_C_R1_1of2_Tdur_1x1_d_c,3190,Nikon,1x,1,PI362637,C,R1,Base,1of2,External,Tdur,d,c
3191_PI362637_C_R1_1of2_Tdur_1x1_l_c,3191,Nikon,1x,1,PI362637,C,R1,Base,1of2,External,Tdur,l,c
3192_PI362637_C_R1_1of2_Tdur_1x1_p_c,3192,Nikon,1x,1,PI362637,C,R1,Base,1of2,External,Tdur,p,c
3193_PI362637_C_R1_2of2_Tdur_1x1_d_c,3193,Nikon,1x,1,PI362637,C,R1,Base,2of2,External,Tdur,d,c
3194_PI362637_C_R1_2of2_Tdur_1x1_l_c,3194,Nikon,1x,1,PI362637,C,R1,Base,2of2,External,Tdur,l,c
3195_PI362637_C_R1_2of2_Tdur_1x1_p_c,3195,Nikon,1x,1,PI362637,C,R1,Base,2of2,External,Tdur,p,c
3196_PI362637_C_R2_2of3_Tdur_1x1_d_c,3196,Nikon,1x,1,PI362637,C,R2,Base,2of3,Internal,Tdur,d,c
3197_PI362637_C_R2_2of3_Tdur_1x1_l_c,3197,Nikon,1x,1,PI362637,C,R2,Base,2of3,Internal,Tdur,l,c
3198_PI362637_C_R2_2of3_Tdur_1x1_p_c,3198,Nikon,1x,1,PI362637,C,R2,Base,2of3,Internal,Tdur,p,c
3199_PI362637_C_R12_1of3_Tdur_1x1_d_c,3199,Nikon,1x,1,PI362637,C,R12,Mid,1of3,External,Tdur,d,c
3200_PI362637_C_R12_1of3_Tdur_1x1_l_c,3200,Nikon,1x,1,PI362637,C,R12,Mid,1of3,External,Tdur,l,c
3201_PI362637_C_R12_1of3_Tdur_1x1_p_c,3201,Nikon,1x,1,PI362637,C,R12,Mid,1of3,External,Tdur,p,c
3202_PI362637_C_R12_2of3_Tdur_1x1_d_c,3202,Nikon,1x,1,PI362637,C,R12,Mid,2of3,Internal,Tdur,d,c
3203_PI362637_C_R12_2of3_Tdur_1x1_l_c,3203,Nikon,1x,1,PI362637,C,R12,Mid,2of3,Internal,Tdur,l,c
3204_PI362637_C_R12_2of3_Tdur_1x1_p_c,3204,Nikon,1x,1,PI362637,C,R12,Mid,2of3,Internal,Tdur,p,c
3205_PI362637_C_R12_3of3_Tdur_1x1_d_c,3205,Nikon,1x,1,PI362637,C,R12,Mid,3of3,External,Tdur,d,c
3206_PI362637_C_R12_3of3_Tdur_1x1_l_c,3206,Nikon,1x,1,PI362637,C,R12,Mid,3of3,External,Tdur,l,c
3207_PI362637_C_R12_3of3_Tdur_1x1_p_c,3207,Nikon,1x,1,PI362637,C,R12,Mid,3of3,External,Tdur,p,c
3208_PI362637_C_R20_1of2_Tdur_1x1_d_c,3208,Nikon,1x,1,PI362637,C,R20,Top,1of2,External,Tdur,d,c
3209_PI362637_C_R20_1of2_Tdur_1x1_l_c,3209,Nikon,1x,1,PI362637,C,R20,Top,1of2,External,Tdur,l,c
3210_PI362637_C_R20_1of2_Tdur_1x1_p_c,3210,Nikon,1x,1,PI362637,C,R20,Top,1of2,External,Tdur,p,c
3211_PI362637_C_R21_1of2_Tdur_1x1_d_c,3211,Nikon,1x,1,PI362637,C,R21,Top,1of2,External,Tdur,d,c
3212_PI362637_C_R21_1of2_Tdur_1x1_l_c,3212,Nikon,1x,1,PI362637,C,R21,Top,1of2,External,Tdur,l,c
3213_PI362637_C_R21_1of2_Tdur_1x1_p_c,3213,Nikon,1x,1,PI362637,C,R21,Top,1of2,External,Tdur,p,c
3214_PI362637_C_R21_2of2_Tdur_1x1_d_c,3214,Nikon,1x,1,PI362637,C,R21,Top,2of2,External,Tdur,d,c
3215_PI362637_C_R21_2of2_Tdur_1x1_l_c,3215,Nikon,1x,1,PI362637,C,R21,Top,2of2,External,Tdur,l,c
3216_PI362637_C_R21_2of2_Tdur_1x1_p_c,3216,Nikon,1x,1,PI362637,C,R21,Top,2of2,External,Tdur,p,c
3632_W0508_A_R1_1of2_Tturg_1x1_d_c,3632,Nikon,1x,1,W0508,A,R1,Base,1of2,External,Tturg,d,c
3633_W0508_A_R1_1of2_Tturg_1x1_l_c,3633,Nikon,1x,1,W0508,A,R1,Base,1of2,External,Tturg,l,c
3634_W0508_A_R1_1of2_Tturg_1x1_p_c,3634,Nikon,1x,1,W0508,A,R1,Base,1of2,External,Tturg,p,c
3635_W0508_A_R1_2of2_Tturg_1x1_d_c,3635,Nikon,1x,1,W0508,A,R1,Base,2of2,External,Tturg,d,c
3636_W0508_A_R1_2of2_Tturg_1x1_l_c,3636,Nikon,1x,1,W0508,A,R1,Base,2of2,External,Tturg,l,c
3637_W0508_A_R1_2of2_Tturg_1x1_p_c,3637,Nikon,1x,1,W0508,A,R1,Base,2of2,External,Tturg,p,c
3638_W0508_A_R2_1of2_Tturg_1x1_d_c,3638,Nikon,1x,1,W0508,A,R2,Base,1of2,External,Tturg,d,c
3639_W0508_A_R2_1of2_Tturg_1x1_l_c,3639,Nikon,1x,1,W0508,A,R2,Base,1of2,External,Tturg,l,c
3640_W0508_A_R2_1of2_Tturg_1x1_p_c,3640,Nikon,1x,1,W0508,A,R2,Base,1of2,External,Tturg,p,c
3641_W0508_A_R12_1of3_Tturg_1x1_d_c,3641,Nikon,1x,1,W0508,A,R12,Mid,1of3,External,Tturg,d,c
3642_W0508_A_R12_1of3_Tturg_1x1_l_c,3642,Nikon,1x,1,W0508,A,R12,Mid,1of3,External,Tturg,l,c
3643_W0508_A_R12_1of3_Tturg_1x1_p_c,3643,Nikon,1x,1,W0508,A,R12,Mid,1of3,External,Tturg,p,c
3644_W0508_A_R12_2of3_Tturg_1x1_d_c,3644,Nikon,1x,1,W0508,A,R12,Mid,2of3,Internal,Tturg,d,c
3645_W0508_A_R12_2of3_Tturg_1x1_l_c,3645,Nikon,1x,1,W0508,A,R12,Mid,2of3,Internal,Tturg,l,c
3646_W0508_A_R12_2of3_Tturg_1x1_p_c,3646,Nikon,1x,1,W0508,A,R12,Mid,2of3,Internal,Tturg,p,c
3647_W0508_A_R12_3of3_Tturg_1x1_d_c,3647,Nikon,1x,1,W0508,A,R12,Mid,3of3,External,Tturg,d,c
3648_W0508_A_R12_3of3_Tturg_1x1_l_c,3648,Nikon,1x,1,W0508,A,R12,Mid,3of3,External,Tturg,l,c
3649_W0508_A_R12_3of3_Tturg_1x1_p_c,3649,Nikon,1x,1,W0508,A,R12,Mid,3of3,External,Tturg,p,c
3650_W0508_A_R23_1of2_Tturg_1x1_d_c,3650,Nikon,1x,1,W0508,A,R23,Top,1of2,External,Tturg,d,c
3651_W0508_A_R23_1of2_Tturg_1x1_l_c,3651,Nikon,1x,1,W0508,A,R23,Top,1of2,External,Tturg,l,c
3652_W0508_A_R23_1of2_Tturg_1x1_p_c,3652,Nikon,1x,1,W0508,A,R23,Top,1of2,External,Tturg,p,c
3653_W0508_A_R24_1of2_Tturg_1x1_d_c,3653,Nikon,1x,1,W0508,A,R24,Top,1of2,External,Tturg,d,c
3654_W0508_A_R24_1of2_Tturg_1x1_l_c,3654,Nikon,1x,1,W0508,A,R24,Top,1of2,External,Tturg,l,c
3655_W0508_A_R24_1of2_Tturg_1x1_p_c,3655,Nikon,1x,1,W0508,A,R24,Top,1of2,External,Tturg,p,c
3656_W0508_A_R24_2of2_Tturg_1x1_d_c,3656,Nikon,1x,1,W0508,A,R24,Top,2of2,External,Tturg,d,c
3657_W0508_A_R24_2of2_Tturg_1x1_l_c,3657,Nikon,1x,1,W0508,A,R24,Top,2of2,External,Tturg,l,c
3658_W0508_A_R24_2of2_Tturg_1x1_p_c,3658,Nikon,1x,1,W0508,A,R24,Top,2of2,External,Tturg,p,c
3659_W0508_B_R1_1of3_Tturg_1x1_d_c,3659,Nikon,1x,1,W0508,B,R1,Base,1of3,External,Tturg,d,c
3660_W0508_B_R1_1of3_Tturg_1x1_l_c,3660,Nikon,1x,1,W0508,B,R1,Base,1of3,External,Tturg,l,c
3661_W0508_B_R1_1of3_Tturg_1x1_p_c,3661,Nikon,1x,1,W0508,B,R1,Base,1of3,External,Tturg,p,c
3662_W0508_B_R1_2of3_Tturg_1x1_d_c,3662,Nikon,1x,1,W0508,B,R1,Base,2of3,Internal,Tturg,d,c
3663_W0508_B_R1_2of3_Tturg_1x1_l_c,3663,Nikon,1x,1,W0508,B,R1,Base,2of3,Internal,Tturg,l,c
3664_W0508_B_R1_2of3_Tturg_1x1_p_c,3664,Nikon,1x,1,W0508,B,R1,Base,2of3,Internal,Tturg,p,c
3665_W0508_B_R1_3of3_Tturg_1x1_d_c,3665,Nikon,1x,1,W0508,B,R1,Base,3of3,External,Tturg,d,c
3666_W0508_B_R1_3of3_Tturg_1x1_l_c,3666,Nikon,1x,1,W0508,B,R1,Base,3of3,External,Tturg,l,c
3667_W0508_B_R1_3of3_Tturg_1x1_p_c,3667,Nikon,1x,1,W0508,B,R1,Base,3of3,External,Tturg,p,c
3668_W0508_B_R12_1of3_Tturg_1x1_d_c,3668,Nikon,1x,1,W0508,B,R12,Mid,1of3,External,Tturg,d,c
3669_W0508_B_R12_1of3_Tturg_1x1_l_c,3669,Nikon,1x,1,W0508,B,R12,Mid,1of3,External,Tturg,l,c
3670_W0508_B_R12_1of3_Tturg_1x1_p_c,3670,Nikon,1x,1,W0508,B,R12,Mid,1of3,External,Tturg,p,c
3671_W0508_B_R12_2of3_Tturg_1x1_d_c,3671,Nikon,1x,1,W0508,B,R12,Mid,2of3,Internal,Tturg,d,c
3672_W0508_B_R12_2of3_Tturg_1x1_l_c,3672,Nikon,1x,1,W0508,B,R12,Mid,2of3,Internal,Tturg,l,c
3673_W0508_B_R12_2of3_Tturg_1x1_p_c,3673,Nikon,1x,1,W0508,B,R12,Mid,2of3,Internal,Tturg,p,c
3674_W0508_B_R12_3of3_Tturg_1x1_d_c,3674,Nikon,1x,1,W0508,B,R12,Mid,3of3,External,Tturg,d,c
3675_W0508_B_R12_3of3_Tturg_1x1_l_c,3675,Nikon,1x,1,W0508,B,R12,Mid,3of3,External,Tturg,l,c
3676_W0508_B_R12_3of3_Tturg_1x1_p_c,3676,Nikon,1x,1,W0508,B,R12,Mid,3of3,External,Tturg,p,c
3677_W0508_B_R22_1of2_Tturg_1x1_d_c,3677,Nikon,1x,1,W0508,B,R22,Top,1of2,External,Tturg,d,c
3678_W0508_B_R22_1of2_Tturg_1x1_l_c,3678,Nikon,1x,1,W0508,B,R22,Top,1of2,External,Tturg,l,c
3679_W0508_B_R22_1of2_Tturg_1x1_p_c,3679,Nikon,1x,1,W0508,B,R22,Top,1of2,External,Tturg,p,c
3680_W0508_B_R22_2of2_Tturg_1x1_d_c,3680,Nikon,1x,1,W0508,B,R22,Top,2of2,External,Tturg,d,c
3681_W0508_B_R22_2of2_Tturg_1x1_l_c,3681,Nikon,1x,1,W0508,B,R22,Top,2of2,External,Tturg,l,c
3682_W0508_B_R22_2of2_Tturg_1x1_p_c,3682,Nikon,1x,1,W0508,B,R22,Top,2of2,External,Tturg,p,c
3683_W0508_B_R23_1of1_Tturg_1x1_d_c,3683,Nikon,1x,1,W0508,B,R23,Top,1of1,Solo,Tturg,d,c
3684_W0508_B_R23_1of1_Tturg_1x1_l_c,3684,Nikon,1x,1,W0508,B,R23,Top,1of1,Solo,Tturg,l,c
3685_W0508_B_R23_1of1_Tturg_1x1_p_c,3685,Nikon,1x,1,W0508,B,R23,Top,1of1,Solo,Tturg,p,c
3686_W0508_C_R1_1of3_Tturg_1x1_d_c,3686,Nikon,1x,1,W0508,C,R1,Base,1of3,External,Tturg,d,c
3687_W0508_C_R1_1of3_Tturg_1x1_l_c,3687,Nikon,1x,1,W0508,C,R1,Base,1of3,External,Tturg,l,c
3688_W0508_C_R1_1of3_Tturg_1x1_p_c,3688,Nikon,1x,1,W0508,C,R1,Base,1of3,External,Tturg,p,c
3689_W0508_C_R1_2of3_Tturg_1x1_d_c,3689,Nikon,1x,1,W0508,C,R1,Base,2of3,Internal,Tturg,d,c
3690_W0508_C_R1_2of3_Tturg_1x1_l_c,3690,Nikon,1x,1,W0508,C,R1,Base,2of3,Internal,Tturg,l,c
3691_W0508_C_R1_2of3_Tturg_1x1_p_c,3691,Nikon,1x,1,W0508,C,R1,Base,2of3,Internal,Tturg,p,c
3692_W0508_C_R1_3of3_Tturg_1x1_d_c,3692,Nikon,1x,1,W0508,C,R1,Base,3of3,External,Tturg,d,c
3693_W0508_C_R1_3of3_Tturg_1x1_l_c,3693,Nikon,1x,1,W0508,C,R1,Base,3of3,External,Tturg,l,c
3694_W0508_C_R1_3of3_Tturg_1x1_p_c,3694,Nikon,1x,1,W0508,C,R1,Base,3of3,External,Tturg,p,c
3695_W0508_C_R14_1of3_Tturg_1x1_d_c,3695,Nikon,1x,1,W0508,C,R14,Mid,1of3,External,Tturg,d,c
3696_W0508_C_R14_1of3_Tturg_1x1_l_c,3696,Nikon,1x,1,W0508,C,R14,Mid,1of3,External,Tturg,l,c
3697_W0508_C_R14_1of3_Tturg_1x1_p_c,3697,Nikon,1x,1,W0508,C,R14,Mid,1of3,External,Tturg,p,c
3698_W0508_C_R14_2of3_Tturg_1x1_d_d,3698,Nikon,1x,1,W0508,C,R14,Mid,2of3,Internal,Tturg,d,d
3699_W0508_C_R14_2of3_Tturg_1x1_l_c,3699,Nikon,1x,1,W0508,C,R14,Mid,2of3,Internal,Tturg,l,c
3700_W0508_C_R14_2of3_Tturg_1x1_p_c,3700,Nikon,1x,1,W0508,C,R14,Mid,2of3,Internal,Tturg,p,c
3701_W0508_C_R14_3of3_Tturg_1x1_d_c,3701,Nikon,1x,1,W0508,C,R14,Mid,3of3,External,Tturg,d,c
3702_W0508_C_R14_3of3_Tturg_1x1_l_c,3702,Nikon,1x,1,W0508,C,R14,Mid,3of3,External,Tturg,l,c
3703_W0508_C_R14_3of3_Tturg_1x1_p_c,3703,Nikon,1x,1,W0508,C,R14,Mid,3of3,External,Tturg,p,c
3704_W0508_C_R26_1of2_Tturg_1x1_d_c,3704,Nikon,1x,1,W0508,C,R26,Top,1of2,External,Tturg,d,c
3705_W0508_C_R26_1of2_Tturg_1x1_l_c,3705,Nikon,1x,1,W0508,C,R26,Top,1of2,External,Tturg,l,c
3706_W0508_C_R26_1of2_Tturg_1x1_p_c,3706,Nikon,1x,1,W0508,C,R26,Top,1of2,External,Tturg,p,c
3707_W0508_C_R26_2of2_Tturg_1x1_d_c,3707,Nikon,1x,1,W0508,C,R26,Top,2of2,External,Tturg,d,c
3708_W0508_C_R26_2of2_Tturg_1x1_l_c,3708,Nikon,1x,1,W0508,C,R26,Top,2of2,External,Tturg,l,c
3709_W0508_C_R26_2of2_Tturg_1x1_p_c,3709,Nikon,1x,1,W0508,C,R26,Top,2of2,External,Tturg,p,c
3710_W0508_C_R27_1of2_Tturg_1x1_d_c,3710,Nikon,1x,1,W0508,C,R27,Top,1of2,External,Tturg,d,c
3711_W0508_C_R27_1of2_Tturg_1x1_l_c,3711,Nikon,1x,1,W0508,C,R27,Top,1of2,External,Tturg,l,c
3712_W0508_C_R27_1of2_Tturg_1x1_p_c,3712,Nikon,1x,1,W0508,C,R27,Top,1of2,External,Tturg,p,c
3713_PI362637_B_R18_1of3_Tdur_1x1_d_c,3713,Nikon,1x,1,PI362637,B,R18,Top,1of3,External,Tdur,d,c
3714_PI362637_B_R18_1of3_Tdur_1x1_l_c,3714,Nikon,1x,1,PI362637,B,R18,Top,1of3,External,Tdur,l,c
3715_PI362637_B_R18_1of3_Tdur_1x1_p_c,3715,Nikon,1x,1,PI362637,B,R18,Top,1of3,External,Tdur,p,c
3716_PI362637_B_R18_3of3_Tdur_1x1_d_c,3716,Nikon,1x,1,PI362637,B,R18,Top,3of3,External,Tdur,d,c
3717_PI362637_B_R18_3of3_Tdur_1x1_l_c,3717,Nikon,1x,1,PI362637,B,R18,Top,3of3,External,Tdur,l,c
3718_PI362637_B_R18_3of3_Tdur_1x1_p_c,3718,Nikon,1x,1,PI362637,B,R18,Top,3of3,External,Tdur,p,c
3800_W8612_A_R2_2of5_Tdur_1x1_d_c,3800,Nikon,1x,1,W8612,A,R2,Base,2of5,Internal,Tdur,d,c
3801_W8612_A_R2_2of5_Tdur_1x1_l_c,3801,Nikon,1x,1,W8612,A,R2,Base,2of5,Internal,Tdur,l,c
3802_W8612_A_R2_2of5_Tdur_1x1_p_c,3802,Nikon,1x,1,W8612,A,R2,Base,2of5,Internal,Tdur,p,c
3803_W8612_A_R2_3of5_Tdur_1x1_d_c,3803,Nikon,1x,1,W8612,A,R2,Base,3of5,Internal,Tdur,d,c
3804_W8612_A_R2_3of5_Tdur_1x1_l_c,3804,Nikon,1x,1,W8612,A,R2,Base,3of5,Internal,Tdur,l,c
3805_W8612_A_R2_3of5_Tdur_1x1_p_c,3805,Nikon,1x,1,W8612,A,R2,Base,3of5,Internal,Tdur,p,c
3806_W8612_A_R2_5of5_Tdur_1x1_d_c,3806,Nikon,1x,1,W8612,A,R2,Base,5of5,External,Tdur,d,c
3807_W8612_A_R2_5of5_Tdur_1x1_l_c,3807,Nikon,1x,1,W8612,A,R2,Base,5of5,External,Tdur,l,c
3808_W8612_A_R2_5of5_Tdur_1x1_p_c,3808,Nikon,1x,1,W8612,A,R2,Base,5of5,External,Tdur,p,c
3809_W8612_A_R12_1of3_Tdur_1x1_d_c,3809,Nikon,1x,1,W8612,A,R12,Mid,1of3,External,Tdur,d,c
3810_W8612_A_R12_1of3_Tdur_1x1_l_c,3810,Nikon,1x,1,W8612,A,R12,Mid,1of3,External,Tdur,l,c
3811_W8612_A_R12_1of3_Tdur_1x1_p_c,3811,Nikon,1x,1,W8612,A,R12,Mid,1of3,External,Tdur,p,c
3812_W8612_A_R12_2of3_Tdur_1x1_d_c,3812,Nikon,1x,1,W8612,A,R12,Mid,2of3,Internal,Tdur,d,c
3813_W8612_A_R12_2of3_Tdur_1x1_l_c,3813,Nikon,1x,1,W8612,A,R12,Mid,2of3,Internal,Tdur,l,c
3814_W8612_A_R12_2of3_Tdur_1x1_p_c,3814,Nikon,1x,1,W8612,A,R12,Mid,2of3,Internal,Tdur,p,c
3815_W8612_A_R12_3of3_Tdur_1x1_d_c,3815,Nikon,1x,1,W8612,A,R12,Mid,3of3,External,Tdur,d,c
3816_W8612_A_R12_3of3_Tdur_1x1_l_c,3816,Nikon,1x,1,W8612,A,R12,Mid,3of3,External,Tdur,l,c
3817_W8612_A_R12_3of3_Tdur_1x1_p_c,3817,Nikon,1x,1,W8612,A,R12,Mid,3of3,External,Tdur,p,c
3818_W8612_A_R19_1of2_Tdur_1x1_d_c,3818,Nikon,1x,1,W8612,A,R19,Top,1of2,External,Tdur,d,c
3819_W8612_A_R19_1of2_Tdur_1x1_l_c,3819,Nikon,1x,1,W8612,A,R19,Top,1of2,External,Tdur,l,c
3820_W8612_A_R19_1of2_Tdur_1x1_p_c,3820,Nikon,1x,1,W8612,A,R19,Top,1of2,External,Tdur,p,c
3821_W8612_A_R20_1of2_Tdur_1x1_d_c,3821,Nikon,1x,1,W8612,A,R20,Top,1of2,External,Tdur,d,c
3822_W8612_A_R20_1of2_Tdur_1x1_l_c,3822,Nikon,1x,1,W8612,A,R20,Top,1of2,External,Tdur,l,c
3823_W8612_A_R20_1of2_Tdur_1x1_p_c,3823,Nikon,1x,1,W8612,A,R20,Top,1of2,External,Tdur,p,c
3824_W8612_A_R20_2of2_Tdur_1x1_d_c,3824,Nikon,1x,1,W8612,A,R20,Top,2of2,External,Tdur,d,c
3825_W8612_A_R20_2of2_Tdur_1x1_l_c,3825,Nikon,1x,1,W8612,A,R20,Top,2of2,External,Tdur,l,c
3826_W8612_A_R20_2of2_Tdur_1x1_p_c,3826,Nikon,1x,1,W8612,A,R20,Top,2of2,External,Tdur,p,c
3827_W8612_B_R1_1of3_Tdur_1x1_d_c,3827,Nikon,1x,1,W8612,B,R1,Base,1of3,External,Tdur,d,c
3828_W8612_B_R1_1of3_Tdur_1x1_l_c,3828,Nikon,1x,1,W8612,B,R1,Base,1of3,External,Tdur,l,c
3829_W8612_B_R1_1of3_Tdur_1x1_p_c,3829,Nikon,1x,1,W8612,B,R1,Base,1of3,External,Tdur,p,c
3830_W8612_B_R1_2of3_Tdur_1x1_d_c,3830,Nikon,1x,1,W8612,B,R1,Base,2of3,Internal,Tdur,d,c
3831_W8612_B_R1_2of3_Tdur_1x1_l_c,3831,Nikon,1x,1,W8612,B,R1,Base,2of3,Internal,Tdur,l,c
3832_W8612_B_R1_2of3_Tdur_1x1_p_c,3832,Nikon,1x,1,W8612,B,R1,Base,2of3,Internal,Tdur,p,c
3833_W8612_B_R1_3of3_Tdur_1x1_d_c,3833,Nikon,1x,1,W8612,B,R1,Base,3of3,External,Tdur,d,c
3834_W8612_B_R1_3of3_Tdur_1x1_l_c,3834,Nikon,1x,1,W8612,B,R1,Base,3of3,External,Tdur,l,c
3835_W8612_B_R1_3of3_Tdur_1x1_p_c,3835,Nikon,1x,1,W8612,B,R1,Base,3of3,External,Tdur,p,c
3836_W8612_B_R6_2of5_Tdur_1x1_d_c,3836,Nikon,1x,1,W8612,B,R6,Mid,2of5,Internal,Tdur,d,c
3837_W8612_B_R6_2of5_Tdur_1x1_l_c,3837,Nikon,1x,1,W8612,B,R6,Mid,2of5,Internal,Tdur,l,c
3838_W8612_B_R6_2of5_Tdur_1x1_p_c,3838,Nikon,1x,1,W8612,B,R6,Mid,2of5,Internal,Tdur,p,c
3839_W8612_B_R6_3of5_Tdur_1x1_d_c,3839,Nikon,1x,1,W8612,B,R6,Mid,3of5,Internal,Tdur,d,c
3840_W8612_B_R6_3of5_Tdur_1x1_l_c,3840,Nikon,1x,1,W8612,B,R6,Mid,3of5,Internal,Tdur,l,c
3841_W8612_B_R6_3of5_Tdur_1x1_p_c,3841,Nikon,1x,1,W8612,B,R6,Mid,3of5,Internal,Tdur,p,c
3842_W8612_B_R6_5of5_Tdur_1x1_d_c,3842,Nikon,1x,1,W8612,B,R6,Mid,5of5,External,Tdur,d,c
3843_W8612_B_R6_5of5_Tdur_1x1_l_c,3843,Nikon,1x,1,W8612,B,R6,Mid,5of5,External,Tdur,l,c
3844_W8612_B_R6_5of5_Tdur_1x1_p_c,3844,Nikon,1x,1,W8612,B,R6,Mid,5of5,External,Tdur,p,c
3845_W8612_B_R12_1of3_Tdur_1x1_d_c,3845,Nikon,1x,1,W8612,B,R12,Top,1of3,External,Tdur,d,c
3846_W8612_B_R12_1of3_Tdur_1x1_l_c,3846,Nikon,1x,1,W8612,B,R12,Top,1of3,External,Tdur,l,c
3847_W8612_B_R12_1of3_Tdur_1x1_p_c,3847,Nikon,1x,1,W8612,B,R12,Top,1of3,External,Tdur,p,c
3848_W8612_B_R12_2of3_Tdur_1x1_d_c,3848,Nikon,1x,1,W8612,B,R12,Top,2of3,Internal,Tdur,d,c
3849_W8612_B_R12_2of3_Tdur_1x1_l_c,3849,Nikon,1x,1,W8612,B,R12,Top,2of3,Internal,Tdur,l,c
3850_W8612_B_R12_2of3_Tdur_1x1_p_c,3850,Nikon,1x,1,W8612,B,R12,Top,2of3,Internal,Tdur,p,c
3851_W8612_B_R12_3of3_Tdur_1x1_d_c,3851,Nikon,1x,1,W8612,B,R12,Top,3of3,External,Tdur,d,c
3852_W8612_B_R12_3of3_Tdur_1x1_l_c,3852,Nikon,1x,1,W8612,B,R12,Top,3of3,External,Tdur,l,c
3853_W8612_B_R12_3of3_Tdur_1x1_p_c,3853,Nikon,1x,1,W8612,B,R12,Top,3of3,External,Tdur,p,c
3854_W8612_C_R2_1of4_Tdur_1x1_d_c,3854,Nikon,1x,1,W8612,C,R2,Base,1of4,External,Tdur,d,c
3855_W8612_C_R2_1of4_Tdur_1x1_l_c,3855,Nikon,1x,1,W8612,C,R2,Base,1of4,External,Tdur,l,c
3856_W8612_C_R2_1of4_Tdur_1x1_p_c,3856,Nikon,1x,1,W8612,C,R2,Base,1of4,External,Tdur,p,c
3857_W8612_C_R2_2of4_Tdur_1x1_d_c,3857,Nikon,1x,1,W8612,C,R2,Base,2of4,Internal,Tdur,d,c
3858_W8612_C_R2_2of4_Tdur_1x1_l_c,3858,Nikon,1x,1,W8612,C,R2,Base,2of4,Internal,Tdur,l,c
3859_W8612_C_R2_2of4_Tdur_1x1_p_c,3859,Nikon,1x,1,W8612,C,R2,Base,2of4,Internal,Tdur,p,c
3860_W8612_C_R2_3of4_Tdur_1x1_d_c,3860,Nikon,1x,1,W8612,C,R2,Base,3of4,Internal,Tdur,d,c
3861_W8612_C_R2_3of4_Tdur_1x1_l_c,3861,Nikon,1x,1,W8612,C,R2,Base,3of4,Internal,Tdur,l,c
3862_W8612_C_R2_3of4_Tdur_1x1_p_c,3862,Nikon,1x,1,W8612,C,R2,Base,3of4,Internal,Tdur,p,c
3863_W8612_C_R11_2of4_Tdur_1x1_d_c,3863,Nikon,1x,1,W8612,C,R11,Mid,2of4,Internal,Tdur,d,c
3864_W8612_C_R11_2of4_Tdur_1x1_l_c,3864,Nikon,1x,1,W8612,C,R11,Mid,2of4,Internal,Tdur,l,c
3865_W8612_C_R11_2of4_Tdur_1x1_p_c,3865,Nikon,1x,1,W8612,C,R11,Mid,2of4,Internal,Tdur,p,c
3866_W8612_C_R11_3of4_Tdur_1x1_d_c,3866,Nikon,1x,1,W8612,C,R11,Mid,3of4,Internal,Tdur,d,c
3867_W8612_C_R11_3of4_Tdur_1x1_l_c,3867,Nikon,1x,1,W8612,C,R11,Mid,3of4,Internal,Tdur,l,c
3868_W8612_C_R11_3of4_Tdur_1x1_p_c,3868,Nikon,1x,1,W8612,C,R11,Mid,3of4,Internal,Tdur,p,c
3869_W8612_C_R11_4of4_Tdur_1x1_d_c,3869,Nikon,1x,1,W8612,C,R11,Mid,4of4,External,Tdur,d,c
3870_W8612_C_R11_4of4_Tdur_1x1_l_c,3870,Nikon,1x,1,W8612,C,R11,Mid,4of4,External,Tdur,l,c
3871_W8612_C_R11_4of4_Tdur_1x1_p_c,3871,Nikon,1x,1,W8612,C,R11,Mid,4of4,External,Tdur,p,c
3872_W8612_C_R22_1of3_Tdur_1x1_d_c,3872,Nikon,1x,1,W8612,C,R22,Top,1of3,External,Tdur,d,c
3873_W8612_C_R22_1of3_Tdur_1x1_l_c,3873,Nikon,1x,1,W8612,C,R22,Top,1of3,External,Tdur,l,c
3874_W8612_C_R22_1of3_Tdur_1x1_p_c,3874,Nikon,1x,1,W8612,C,R22,Top,1of3,External,Tdur,p,c
3875_W8612_C_R22_2of3_Tdur_1x1_d_c,3875,Nikon,1x,1,W8612,C,R22,Top,2of3,Internal,Tdur,d,c
3876_W8612_C_R22_2of3_Tdur_1x1_l_c,3876,Nikon,1x,1,W8612,C,R22,Top,2of3,Internal,Tdur,l,c
3877_W8612_C_R22_2of3_Tdur_1x1_p_c,3877,Nikon,1x,1,W8612,C,R22,Top,2of3,Internal,Tdur,p,c
3878_W8612_C_R22_3of3_Tdur_1x1_d_c,3878,Nikon,1x,1,W8612,C,R22,Top,3of3,External,Tdur,d,c
3879_W8612_C_R22_3of3_Tdur_1x1_l_c,3879,Nikon,1x,1,W8612,C,R22,Top,3of3,External,Tdur,l,c
3880_W8612_C_R22_3of3_Tdur_1x1_p_c,3880,Nikon,1x,1,W8612,C,R22,Top,3of3,External,Tdur,p,c
4115_USDA350071_A_R2_1of2_Taes_1x1_d_c,4115,Nikon,1x,1,USDA350071,A,R2,Base,1of2,External,Taes,d,c
4116_USDA350071_A_R2_1of2_Taes_1x1_l_c,4116,Nikon,1x,1,USDA350071,A,R2,Base,1of2,External,Taes,l,c
4117_USDA350071_A_R2_1of2_Taes_1x1_p_c,4117,Nikon,1x,1,USDA350071,A,R2,Base,1of2,External,Taes,p,c
4118_USDA350071_A_R3_1of2_Taes_1x1_d_c,4118,Nikon,1x,1,USDA350071,A,R3,Base,1of2,External,Taes,d,c
4119_USDA350071_A_R3_1of2_Taes_1x1_l_c,4119,Nikon,1x,1,USDA350071,A,R3,Base,1of2,External,Taes,l,c
4120_USDA350071_A_R3_1of2_Taes_1x1_p_c,4120,Nikon,1x,1,USDA350071,A,R3,Base,1of2,External,Taes,p,c
4121_USDA350071_A_R3_2of2_Taes_1x1_d_c,4121,Nikon,1x,1,USDA350071,A,R3,Base,2of2,External,Taes,d,c
4122_USDA350071_A_R3_2of2_Taes_1x1_l_c,4122,Nikon,1x,1,USDA350071,A,R3,Base,2of2,External,Taes,l,c
4123_USDA350071_A_R3_2of2_Taes_1x1_p_c,4123,Nikon,1x,1,USDA350071,A,R3,Base,2of2,External,Taes,p,c
4124_USDA350071_A_R10_1of2_Taes_1x1_d_c,4124,Nikon,1x,1,USDA350071,A,R10,Mid,1of2,External,Taes,d,c
4125_USDA350071_A_R10_1of2_Taes_1x1_l_c,4125,Nikon,1x,1,USDA350071,A,R10,Mid,1of2,External,Taes,l,c
4126_USDA350071_A_R10_1of2_Taes_1x1_p_c,4126,Nikon,1x,1,USDA350071,A,R10,Mid,1of2,External,Taes,p,c
4127_USDA350071_A_R10_2of2_Taes_1x1_d_c,4127,Nikon,1x,1,USDA350071,A,R10,Mid,2of2,External,Taes,d,c
4128_USDA350071_A_R10_2of2_Taes_1x1_l_c,4128,Nikon,1x,1,USDA350071,A,R10,Mid,2of2,External,Taes,l,c
4129_USDA350071_A_R10_2of2_Taes_1x1_p_c,4129,Nikon,1x,1,USDA350071,A,R10,Mid,2of2,External,Taes,p,c
4130_USDA350071_A_R11_2of2_Taes_1x1_d_c,4130,Nikon,1x,1,USDA350071,A,R11,Mid,2of2,External,Taes,d,c
4131_USDA350071_A_R11_2of2_Taes_1x1_l_c,4131,Nikon,1x,1,USDA350071,A,R11,Mid,2of2,External,Taes,l,c
4132_USDA350071_A_R11_2of2_Taes_1x1_p_c,4132,Nikon,1x,1,USDA350071,A,R11,Mid,2of2,External,Taes,p,c
4133_USDA350071_A_R17_1of2_Taes_1x1_d_c,4133,Nikon,1x,1,USDA350071,A,R17,Top,1of2,External,Taes,d,c
4134_USDA350071_A_R17_1of2_Taes_1x1_l_c,4134,Nikon,1x,1,USDA350071,A,R17,Top,1of2,External,Taes,l,c
4135_USDA350071_A_R17_1of2_Taes_1x1_p_c,4135,Nikon,1x,1,USDA350071,A,R17,Top,1of2,External,Taes,p,c
4136_USDA350071_A_R17_2of2_Taes_1x1_d_c,4136,Nikon,1x,1,USDA350071,A,R17,Top,2of2,External,Taes,d,c
4137_USDA350071_A_R17_2of2_Taes_1x1_l_c,4137,Nikon,1x,1,USDA350071,A,R17,Top,2of2,External,Taes,l,c
4138_USDA350071_A_R17_2of2_Taes_1x1_p_c,4138,Nikon,1x,1,USDA350071,A,R17,Top,2of2,External,Taes,p,c
4139_USDA350071_A_R18_1of1_Taes_1x1_d_c,4139,Nikon,1x,1,USDA350071,A,R18,Top,1of1,Solo,Taes,d,c
4140_USDA350071_A_R18_1of1_Taes_1x1_l_c,4140,Nikon,1x,1,USDA350071,A,R18,Top,1of1,Solo,Taes,l,c
4141_USDA350071_A_R18_1of1_Taes_1x1_p_c,4141,Nikon,1x,1,USDA350071,A,R18,Top,1of1,Solo,Taes,p,c
4142_USDA350071_B_R1_1of2_Taes_1x1_d_c,4142,Nikon,1x,1,USDA350071,B,R1,Base,1of2,External,Taes,d,c
4143_USDA350071_B_R1_1of2_Taes_1x1_l_c,4143,Nikon,1x,1,USDA350071,B,R1,Base,1of2,External,Taes,l,c
4144_USDA350071_B_R1_1of2_Taes_1x1_p_c,4144,Nikon,1x,1,USDA350071,B,R1,Base,1of2,External,Taes,p,c
4145_USDA350071_B_R1_2of2_Taes_1x1_d_c,4145,Nikon,1x,1,USDA350071,B,R1,Base,2of2,External,Taes,d,c
4146_USDA350071_B_R1_2of2_Taes_1x1_l_c,4146,Nikon,1x,1,USDA350071,B,R1,Base,2of2,External,Taes,l,c
4147_USDA350071_B_R1_2of2_Taes_1x1_p_c,4147,Nikon,1x,1,USDA350071,B,R1,Base,2of2,External,Taes,p,c
4148_USDA350071_B_R2_1of2_Taes_1x1_d_c,4148,Nikon,1x,1,USDA350071,B,R2,Base,1of2,External,Taes,d,c
4149_USDA350071_B_R2_1of2_Taes_1x1_l_c,4149,Nikon,1x,1,USDA350071,B,R2,Base,1of2,External,Taes,l,c
4150_USDA350071_B_R2_1of2_Taes_1x1_p_c,4150,Nikon,1x,1,USDA350071,B,R2,Base,1of2,External,Taes,p,c
4151_USDA350071_B_R9_1of2_Taes_1x1_d_c,4151,Nikon,1x,1,USDA350071,B,R9,Mid,1of2,External,Taes,d,c
4152_USDA350071_B_R9_1of2_Taes_1x1_l_c,4152,Nikon,1x,1,USDA350071,B,R9,Mid,1of2,External,Taes,l,c
4153_USDA350071_B_R9_1of2_Taes_1x1_p_c,4153,Nikon,1x,1,USDA350071,B,R9,Mid,1of2,External,Taes,p,c
4154_USDA350071_B_R10_1of2_Taes_1x1_d_c,4154,Nikon,1x,1,USDA350071,B,R10,Mid,1of2,External,Taes,d,c
4155_USDA350071_B_R10_1of2_Taes_1x1_l_c,4155,Nikon,1x,1,USDA350071,B,R10,Mid,1of2,External,Taes,l,c
4156_USDA350071_B_R10_1of2_Taes_1x1_p_c,4156,Nikon,1x,1,USDA350071,B,R10,Mid,1of2,External,Taes,p,c
4157_USDA350071_B_R11_2of2_Taes_1x1_d_c,4157,Nikon,1x,1,USDA350071,B,R11,Mid,2of2,External,Taes,d,c
4158_USDA350071_B_R11_2of2_Taes_1x1_l_c,4158,Nikon,1x,1,USDA350071,B,R11,Mid,2of2,External,Taes,l,c
4159_USDA350071_B_R11_2of2_Taes_1x1_p_c,4159,Nikon,1x,1,USDA350071,B,R11,Mid,2of2,External,Taes,p,c
4160_USDA350071_B_R16_1of1_Taes_1x1_d_c,4160,Nikon,1x,1,USDA350071,B,R16,Top,1of1,Solo,Taes,d,c
4161_USDA350071_B_R16_1of1_Taes_1x1_l_c,4161,Nikon,1x,1,USDA350071,B,R16,Top,1of1,Solo,Taes,l,c
4162_USDA350071_B_R16_1of1_Taes_1x1_p_c,4162,Nikon,1x,1,USDA350071,B,R16,Top,1of1,Solo,Taes,p,c
4163_USDA350071_B_R17_1of1_Taes_1x1_d_c,4163,Nikon,1x,1,USDA350071,B,R17,Top,1of1,Solo,Taes,d,c
4164_USDA350071_B_R17_1of1_Taes_1x1_l_c,4164,Nikon,1x,1,USDA350071,B,R17,Top,1of1,Solo,Taes,l,c
4165_USDA350071_B_R17_1of1_Taes_1x1_p_c,4165,Nikon,1x,1,USDA350071,B,R17,Top,1of1,Solo,Taes,p,c
4166_USDA350071_B_R19_1of1_Taes_1x1_d_c,4166,Nikon,1x,1,USDA350071,B,R19,Top,1of1,Solo,Taes,d,c
4167_USDA350071_B_R19_1of1_Taes_1x1_l_c,4167,Nikon,1x,1,USDA350071,B,R19,Top,1of1,Solo,Taes,l,c
4168_USDA350071_B_R19_1of1_Taes_1x1_p_c,4168,Nikon,1x,1,USDA350071,B,R19,Top,1of1,Solo,Taes,p,c
4169_USDA350071_C_R1_1of1_Taes_1x1_d_c,4169,Nikon,1x,1,USDA350071,C,R1,Base,1of1,Solo,Taes,d,c
4170_USDA350071_C_R1_1of1_Taes_1x1_l_c,4170,Nikon,1x,1,USDA350071,C,R1,Base,1of1,Solo,Taes,l,c
4171_USDA350071_C_R1_1of1_Taes_1x1_p_c,4171,Nikon,1x,1,USDA350071,C,R1,Base,1of1,Solo,Taes,p,c
4172_USDA350071_C_R2_1of2_Taes_1x1_d_c,4172,Nikon,1x,1,USDA350071,C,R2,Base,1of2,External,Taes,d,c
4173_USDA350071_C_R2_1of2_Taes_1x1_l_c,4173,Nikon,1x,1,USDA350071,C,R2,Base,1of2,External,Taes,l,c
4174_USDA350071_C_R2_1of2_Taes_1x1_p_c,4174,Nikon,1x,1,USDA350071,C,R2,Base,1of2,External,Taes,p,c
4175_USDA350071_C_R2_2of2_Taes_1x1_d_c,4175,Nikon,1x,1,USDA350071,C,R2,Base,2of2,External,Taes,d,c
4176_USDA350071_C_R2_2of2_Taes_1x1_l_c,4176,Nikon,1x,1,USDA350071,C,R2,Base,2of2,External,Taes,l,c
4177_USDA350071_C_R2_2of2_Taes_1x1_p_c,4177,Nikon,1x,1,USDA350071,C,R2,Base,2of2,External,Taes,p,c
4178_USDA350071_C_R9_1of2_Taes_1x1_d_c,4178,Nikon,1x,1,USDA350071,C,R9,Mid,1of2,External,Taes,d,c
4179_USDA350071_C_R9_1of2_Taes_1x1_l_c,4179,Nikon,1x,1,USDA350071,C,R9,Mid,1of2,External,Taes,l,c
4180_USDA350071_C_R9_1of2_Taes_1x1_p_c,4180,Nikon,1x,1,USDA350071,C,R9,Mid,1of2,External,Taes,p,c
4181_USDA350071_C_R9_2of2_Taes_1x1_d_c,4181,Nikon,1x,1,USDA350071,C,R9,Mid,2of2,External,Taes,d,c
4182_USDA350071_C_R9_2of2_Taes_1x1_l_c,4182,Nikon,1x,1,USDA350071,C,R9,Mid,2of2,External,Taes,l,c
4183_USDA350071_C_R9_2of2_Taes_1x1_p_c,4183,Nikon,1x,1,USDA350071,C,R9,Mid,2of2,External,Taes,p,c
4184_USDA350071_C_R10_1of2_Taes_1x1_d_c,4184,Nikon,1x,1,USDA350071,C,R10,Mid,1of2,External,Taes,d,c
4185_USDA350071_C_R10_1of2_Taes_1x1_l_c,4185,Nikon,1x,1,USDA350071,C,R10,Mid,1of2,External,Taes,l,c
4186_USDA350071_C_R10_1of2_Taes_1x1_p_c,4186,Nikon,1x,1,USDA350071,C,R10,Mid,1of2,External,Taes,p,c
4187_USDA350071_C_R15_1of1_Taes_1x1_d_c,4187,Nikon,1x,1,USDA350071,C,R15,Top,1of1,Solo,Taes,d,c
4188_USDA350071_C_R15_1of1_Taes_1x1_l_c,4188,Nikon,1x,1,USDA350071,C,R15,Top,1of1,Solo,Taes,l,c
4189_USDA350071_C_R15_1of1_Taes_1x1_p_c,4189,Nikon,1x,1,USDA350071,C,R15,Top,1of1,Solo,Taes,p,c
4190_USDA350071_C_R16_1of1_Taes_1x1_d_c,4190,Nikon,1x,1,USDA350071,C,R16,Top,1of1,Solo,Taes,d,c
4191_USDA350071_C_R16_1of1_Taes_1x1_l_c,4191,Nikon,1x,1,USDA350071,C,R16,Top,1of1,Solo,Taes,l,c
4192_USDA350071_C_R16_1of1_Taes_1x1_p_c,4192,Nikon,1x,1,USDA350071,C,R16,Top,1of1,Solo,Taes,p,c
4193_USDA350071_C_R17_1of1_Taes_1x1_d_c,4193,Nikon,1x,1,USDA350071,C,R17,Top,1of1,Solo,Taes,d,c
4194_USDA350071_C_R17_1of1_Taes_1x1_l_c,4194,Nikon,1x,1,USDA350071,C,R17,Top,1of1,Solo,Taes,l,c
4195_USDA350071_C_R17_1of1_Taes_1x1_p_c,4195,Nikon,1x,1,USDA350071,C,R17,Top,1of1,Solo,Taes,p,c
