Filename,ID,Microscope,Objective,Mag,Accession,Ear ,Ear row,Ear position,Spk position,Position type,taxon code,View,Charred?
1000_HIGH09_A_R1_1of1_Taes_1x1_d_uc,1000,Nikon,1x,1,HIGH09,A,R1,Base,1of1,Solo,Taes,d,uc
1001_HIGH09_A_R1_1of1_Taes_1x1_l_uc,1001,Nikon,1x,1,HIGH09,A,R1,Base,1of1,Solo,Taes,l,uc
1002_HIGH09_A_R1_1of1_Taes_1x1_p_uc,1002,Nikon,1x,1,HIGH09,A,R1,Base,1of1,Solo,Taes,p,uc
1003_HIGH09_A_R2_2of3_Taes_1x1_d_uc,1003,Nikon,1x,1,HIGH09,A,R2,Base,2of3,Internal,Taes,d,uc
1004_HIGH09_A_R2_2of3_Taes_1x1_l_uc,1004,Nikon,1x,1,HIGH09,A,R2,Base,2of3,Internal,Taes,l,uc
1005_HIGH09_A_R2_2of3_Taes_1x1_p_uc,1005,Nikon,1x,1,HIGH09,A,R2,Base,2of3,Internal,Taes,p,uc
1006_HIGH09_A_R2_3of3_Taes_1x1_d_uc,1006,Nikon,1x,1,HIGH09,A,R2,Base,3of3,External,Taes,d,uc
1007_HIGH09_A_R2_3of3_Taes_1x1_l_uc,1007,Nikon,1x,1,HIGH09,A,R2,Base,3of3,External,Taes,l,uc
1008_HIGH09_A_R2_3of3_Taes_1x1_p_uc,1008,Nikon,1x,1,HIGH09,A,R2,Base,3of3,External,Taes,p,uc
1009_HIGH09_A_R9_1of3_Taes_1x1_d_uc,1009,Nikon,1x,1,HIGH09,A,R9,Mid,1of3,External,Taes,d,uc
1010_HIGH09_A_R9_1of3_Taes_1x1_l_uc,1010,Nikon,1x,1,HIGH09,A,R9,Mid,1of3,External,Taes,l,uc
1011_HIGH09_A_R9_1of3_Taes_1x1_p_uc,1011,Nikon,1x,1,HIGH09,A,R9,Mid,1of3,External,Taes,p,uc
1012_HIGH09_A_R9_2of3_Taes_1x1_d_uc,1012,Nikon,1x,1,HIGH09,A,R9,Mid,2of3,Internal,Taes,d,uc
1013_HIGH09_A_R9_2of3_Taes_1x1_l_uc,1013,Nikon,1x,1,HIGH09,A,R9,Mid,2of3,Internal,Taes,l,uc
1014_HIGH09_A_R9_2of3_Taes_1x1_p_uc,1014,Nikon,1x,1,HIGH09,A,R9,Mid,2of3,Internal,Taes,p,uc
1015_HIGH09_A_R9_3of3_Taes_1x1_d_uc,1015,Nikon,1x,1,HIGH09,A,R9,Mid,3of3,External,Taes,d,uc
1016_HIGH09_A_R9_3of3_Taes_1x1_l_uc,1016,Nikon,1x,1,HIGH09,A,R9,Mid,3of3,External,Taes,l,uc
1017_HIGH09_A_R9_3of3_Taes_1x1_p_uc,1017,Nikon,1x,1,HIGH09,A,R9,Mid,3of3,External,Taes,p,uc
1018_HIGH09_A_R17_2of3_Taes_1x1_d_uc,1018,Nikon,1x,1,HIGH09,A,R17,Top,2of3,Internal,Taes,d,uc
1019_HIGH09_A_R17_2of3_Taes_1x1_l_uc,1019,Nikon,1x,1,HIGH09,A,R17,Top,2of3,Internal,Taes,l,uc
1020_HIGH09_A_R17_2of3_Taes_1x1_p_uc,1020,Nikon,1x,1,HIGH09,A,R17,Top,2of3,Internal,Taes,p,uc
1021_HIGH09_A_R18_1of2_Taes_1x1_d_uc,1021,Nikon,1x,1,HIGH09,A,R18,Top,1of2,External,Taes,d,uc
1022_HIGH09_A_R18_1of2_Taes_1x1_l_uc,1022,Nikon,1x,1,HIGH09,A,R18,Top,1of2,External,Taes,l,uc
1023_HIGH09_A_R18_1of2_Taes_1x1_p_uc,1023,Nikon,1x,1,HIGH09,A,R18,Top,1of2,External,Taes,p,uc
1024_HIGH09_A_R18_2of2_Taes_1x1_d_uc,1024,Nikon,1x,1,HIGH09,A,R18,Top,2of2,External,Taes,d,uc
1025_HIGH09_A_R18_2of2_Taes_1x1_l_uc,1025,Nikon,1x,1,HIGH09,A,R18,Top,2of2,External,Taes,l,uc
1026_HIGH09_A_R18_2of2_Taes_1x1_p_uc,1026,Nikon,1x,1,HIGH09,A,R18,Top,2of2,External,Taes,p,uc
1027_HIGH09_B_R1_1of1_Taes_1x1_d_uc,1027,Nikon,1x,1,HIGH09,B,R1,Base,1of1,Solo,Taes,d,uc
1028_HIGH09_B_R1_1of1_Taes_1x1_l_uc,1028,Nikon,1x,1,HIGH09,B,R1,Base,1of1,Solo,Taes,l,uc
1029_HIGH09_B_R1_1of1_Taes_1x1_p_uc,1029,Nikon,1x,1,HIGH09,B,R1,Base,1of1,Solo,Taes,p,uc
1030_HIGH09_B_R2_1of3_Taes_1x1_d_uc,1030,Nikon,1x,1,HIGH09,B,R2,Base,1of3,External,Taes,d,uc
1031_HIGH09_B_R2_1of3_Taes_1x1_l_uc,1031,Nikon,1x,1,HIGH09,B,R2,Base,1of3,External,Taes,l,uc
1032_HIGH09_B_R2_1of3_Taes_1x1_p_uc,1032,Nikon,1x,1,HIGH09,B,R2,Base,1of3,External,Taes,p,uc
1033_HIGH09_B_R2_2of3_Taes_1x1_d_uc,1033,Nikon,1x,1,HIGH09,B,R2,Base,2of3,Internal,Taes,d,uc
1034_HIGH09_B_R2_2of3_Taes_1x1_l_uc,1034,Nikon,1x,1,HIGH09,B,R2,Base,2of3,Internal,Taes,l,uc
1035_HIGH09_B_R2_2of3_Taes_1x1_p_uc,1035,Nikon,1x,1,HIGH09,B,R2,Base,2of3,Internal,Taes,p,uc
1036_HIGH09_B_R6_3of3_Taes_1x1_d_uc,1036,Nikon,1x,1,HIGH09,B,R6,Mid,3of3,External,Taes,d,uc
1037_HIGH09_B_R6_3of3_Taes_1x1_l_uc,1037,Nikon,1x,1,HIGH09,B,R6,Mid,3of3,External,Taes,l,uc
1038_HIGH09_B_R6_3of3_Taes_1x1_p_uc,1038,Nikon,1x,1,HIGH09,B,R6,Mid,3of3,External,Taes,p,uc
1039_HIGH09_B_R7_1of3_Taes_1x1_d_uc,1039,Nikon,1x,1,HIGH09,B,R7,Mid,1of3,External,Taes,d,uc
1040_HIGH09_B_R7_1of3_Taes_1x1_l_uc,1040,Nikon,1x,1,HIGH09,B,R7,Mid,1of3,External,Taes,l,uc
1041_HIGH09_B_R7_1of3_Taes_1x1_p_uc,1041,Nikon,1x,1,HIGH09,B,R7,Mid,1of3,External,Taes,p,uc
1042_HIGH09_B_R7_2of3_Taes_1x1_d_uc,1042,Nikon,1x,1,HIGH09,B,R7,Mid,2of3,Internal,Taes,d,uc
1043_HIGH09_B_R7_2of3_Taes_1x1_l_uc,1043,Nikon,1x,1,HIGH09,B,R7,Mid,2of3,Internal,Taes,l,uc
1044_HIGH09_B_R7_2of3_Taes_1x1_p_uc,1044,Nikon,1x,1,HIGH09,B,R7,Mid,2of3,Internal,Taes,p,uc
1045_HIGH09_B_R12_1of2_Taes_1x1_d_uc,1045,Nikon,1x,1,HIGH09,B,R12,Top,1of2,External,Taes,d,uc
1046_HIGH09_B_R12_1of2_Taes_1x1_l_uc,1046,Nikon,1x,1,HIGH09,B,R12,Top,1of2,External,Taes,l,uc
1047_HIGH09_B_R12_1of2_Taes_1x1_p_uc,1047,Nikon,1x,1,HIGH09,B,R12,Top,1of2,External,Taes,p,uc
1048_HIGH09_B_R12_2of2_Taes_1x1_d_uc,1048,Nikon,1x,1,HIGH09,B,R12,Top,2of2,External,Taes,d,uc
1049_HIGH09_B_R12_2of2_Taes_1x1_l_uc,1049,Nikon,1x,1,HIGH09,B,R12,Top,2of2,External,Taes,l,uc
1050_HIGH09_B_R12_2of2_Taes_1x1_p_uc,1050,Nikon,1x,1,HIGH09,B,R12,Top,2of2,External,Taes,p,uc
1051_HIGH09_B_R13_1of1_Taes_1x1_d_uc,1051,Nikon,1x,1,HIGH09,B,R13,Top,1of1,Solo,Taes,d,uc
1052_HIGH09_B_R13_1of1_Taes_1x1_l_uc,1052,Nikon,1x,1,HIGH09,B,R13,Top,1of1,Solo,Taes,l,uc
1053_HIGH09_B_R13_1of1_Taes_1x1_p_uc,1053,Nikon,1x,1,HIGH09,B,R13,Top,1of1,Solo,Taes,p,uc
1054_HIGH09_C_R1_1of2_Taes_1x1_d_uc,1054,Nikon,1x,1,HIGH09,C,R1,Base,1of2,External,Taes,d,uc
1055_HIGH09_C_R1_1of2_Taes_1x1_l_uc,1055,Nikon,1x,1,HIGH09,C,R1,Base,1of2,External,Taes,l,uc
1056_HIGH09_C_R1_1of2_Taes_1x1_p_uc,1056,Nikon,1x,1,HIGH09,C,R1,Base,1of2,External,Taes,p,uc
1057_HIGH09_C_R1_2of2_Taes_1x1_d_uc,1057,Nikon,1x,1,HIGH09,C,R1,Base,2of2,External,Taes,d,uc
1058_HIGH09_C_R1_2of2_Taes_1x1_l_uc,1058,Nikon,1x,1,HIGH09,C,R1,Base,2of2,External,Taes,l,uc
1059_HIGH09_C_R1_2of2_Taes_1x1_p_uc,1059,Nikon,1x,1,HIGH09,C,R1,Base,2of2,External,Taes,p,uc
1060_HIGH09_C_R2_1of2_Taes_1x1_d_uc,1060,Nikon,1x,1,HIGH09,C,R2,Base,1of2,External,Taes,d,uc
1061_HIGH09_C_R2_1of2_Taes_1x1_l_uc,1061,Nikon,1x,1,HIGH09,C,R2,Base,1of2,External,Taes,l,uc
1062_HIGH09_C_R2_1of2_Taes_1x1_p_uc,1062,Nikon,1x,1,HIGH09,C,R2,Base,1of2,External,Taes,p,uc
1063_HIGH09_C_R8_1of3_Taes_1x1_d_uc,1063,Nikon,1x,1,HIGH09,C,R8,Mid,1of3,External,Taes,d,uc
1064_HIGH09_C_R8_1of3_Taes_1x1_l_uc,1064,Nikon,1x,1,HIGH09,C,R8,Mid,1of3,External,Taes,l,uc
1065_HIGH09_C_R8_1of3_Taes_1x1_p_uc,1065,Nikon,1x,1,HIGH09,C,R8,Mid,1of3,External,Taes,p,uc
1066_HIGH09_C_R8_2of3_Taes_1x1_d_uc,1066,Nikon,1x,1,HIGH09,C,R8,Mid,2of3,Internal,Taes,d,uc
1067_HIGH09_C_R8_2of3_Taes_1x1_l_uc,1067,Nikon,1x,1,HIGH09,C,R8,Mid,2of3,Internal,Taes,l,uc
1068_HIGH09_C_R8_2of3_Taes_1x1_p_uc,1068,Nikon,1x,1,HIGH09,C,R8,Mid,2of3,Internal,Taes,p,uc
1069_HIGH09_C_R8_3of3_Taes_1x1_d_uc,1069,Nikon,1x,1,HIGH09,C,R8,Mid,3of3,External,Taes,d,uc
1070_HIGH09_C_R8_3of3_Taes_1x1_l_uc,1070,Nikon,1x,1,HIGH09,C,R8,Mid,3of3,External,Taes,l,uc
1071_HIGH09_C_R8_3of3_Taes_1x1_p_uc,1071,Nikon,1x,1,HIGH09,C,R8,Mid,3of3,External,Taes,p,uc
1072_HIGH09_C_R14_2of2_Taes_1x1_d_uc,1072,Nikon,1x,1,HIGH09,C,R14,Top,2of2,External,Taes,d,uc
1073_HIGH09_C_R14_2of2_Taes_1x1_l_uc,1073,Nikon,1x,1,HIGH09,C,R14,Top,2of2,External,Taes,l,uc
1074_HIGH09_C_R14_2of2_Taes_1x1_p_uc,1074,Nikon,1x,1,HIGH09,C,R14,Top,2of2,External,Taes,p,uc
1075_HIGH09_C_R15_1of1_Taes_1x1_d_uc,1075,Nikon,1x,1,HIGH09,C,R15,Top,1of1,Solo,Taes,d,uc
1076_HIGH09_C_R15_1of1_Taes_1x1_l_uc,1076,Nikon,1x,1,HIGH09,C,R15,Top,1of1,Solo,Taes,l,uc
1077_HIGH09_C_R15_1of1_Taes_1x1_p_uc,1077,Nikon,1x,1,HIGH09,C,R15,Top,1of1,Solo,Taes,p,uc
1078_HIGH09_C_R16_1of1_Taes_1x1_d_uc,1078,Nikon,1x,1,HIGH09,C,R16,Top,1of1,Solo,Taes,d,uc
1079_HIGH09_C_R16_1of1_Taes_1x1_l_uc,1079,Nikon,1x,1,HIGH09,C,R16,Top,1of1,Solo,Taes,l,uc
1080_HIGH09_C_R16_1of1_Taes_1x1_p_uc,1080,Nikon,1x,1,HIGH09,C,R16,Top,1of1,Solo,Taes,p,uc
1081_TRI8005_A_R1_1of3_Tdur_1x1_d_uc,1081,Nikon,1x,1,TRI8005,A,R1,Base,1of3,External,Tdur,d,uc
1082_TRI8005_A_R1_1of3_Tdur_1x1_l_uc,1082,Nikon,1x,1,TRI8005,A,R1,Base,1of3,External,Tdur,l,uc
1083_TRI8005_A_R1_1of3_Tdur_1x1_p_uc,1083,Nikon,1x,1,TRI8005,A,R1,Base,1of3,External,Tdur,p,uc
1084_TRI8005_A_R1_2of3_Tdur_1x1_d_uc,1084,Nikon,1x,1,TRI8005,A,R1,Base,2of3,Internal,Tdur,d,uc
1085_TRI8005_A_R1_2of3_Tdur_1x1_l_uc,1085,Nikon,1x,1,TRI8005,A,R1,Base,2of3,Internal,Tdur,l,uc
1086_TRI8005_A_R1_2of3_Tdur_1x1_p_uc,1086,Nikon,1x,1,TRI8005,A,R1,Base,2of3,Internal,Tdur,p,uc
1087_TRI8005_A_R1_3of3_Tdur_1x1_d_uc,1087,Nikon,1x,1,TRI8005,A,R1,Base,3of3,External,Tdur,d,uc
1088_TRI8005_A_R1_3of3_Tdur_1x1_l_uc,1088,Nikon,1x,1,TRI8005,A,R1,Base,3of3,External,Tdur,l,uc
1089_TRI8005_A_R1_3of3_Tdur_1x1_p_uc,1089,Nikon,1x,1,TRI8005,A,R1,Base,3of3,External,Tdur,p,uc
1090_TRI8005_A_R9_1of2_Tdur_1x1_d_uc,1090,Nikon,1x,1,TRI8005,A,R9,Mid,1of2,External,Tdur,d,uc
1091_TRI8005_A_R9_1of2_Tdur_1x1_l_uc,1091,Nikon,1x,1,TRI8005,A,R9,Mid,1of2,External,Tdur,l,uc
1092_TRI8005_A_R9_1of2_Tdur_1x1_p_uc,1092,Nikon,1x,1,TRI8005,A,R9,Mid,1of2,External,Tdur,p,uc
1093_TRI8005_A_R9_2of2_Tdur_1x1_d_uc,1093,Nikon,1x,1,TRI8005,A,R9,Mid,2of2,External,Tdur,d,uc
1094_TRI8005_A_R9_2of2_Tdur_1x1_l_uc,1094,Nikon,1x,1,TRI8005,A,R9,Mid,2of2,External,Tdur,l,uc
1095_TRI8005_A_R9_2of2_Tdur_1x1_p_uc,1095,Nikon,1x,1,TRI8005,A,R9,Mid,2of2,External,Tdur,p,uc
1096_TRI8005_A_R10_2of3_Tdur_1x1_d_uc,1096,Nikon,1x,1,TRI8005,A,R10,Mid,2of3,Internal,Tdur,d,uc
1097_TRI8005_A_R10_2of3_Tdur_1x1_l_uc,1097,Nikon,1x,1,TRI8005,A,R10,Mid,2of3,Internal,Tdur,l,uc
1098_TRI8005_A_R10_2of3_Tdur_1x1_p_uc,1098,Nikon,1x,1,TRI8005,A,R10,Mid,2of3,Internal,Tdur,p,uc
1099_TRI8005_A_R17_2of2_Tdur_1x1_d_uc,1099,Nikon,1x,1,TRI8005,A,R17,Top,2of2,External,Tdur,d,uc
1100_TRI8005_A_R17_2of2_Tdur_1x1_l_uc,1100,Nikon,1x,1,TRI8005,A,R17,Top,2of2,External,Tdur,l,uc
1101_TRI8005_A_R17_2of2_Tdur_1x1_p_uc,1101,Nikon,1x,1,TRI8005,A,R17,Top,2of2,External,Tdur,p,uc
1102_TRI8005_A_R18_1of2_Tdur_1x1_d_uc,1102,Nikon,1x,1,TRI8005,A,R18,Top,1of2,External,Tdur,d,uc
1103_TRI8005_A_R18_1of2_Tdur_1x1_l_uc,1103,Nikon,1x,1,TRI8005,A,R18,Top,1of2,External,Tdur,l,uc
1104_TRI8005_A_R18_1of2_Tdur_1x1_p_uc,1104,Nikon,1x,1,TRI8005,A,R18,Top,1of2,External,Tdur,p,uc
1105_TRI8005_A_R18_2of2_Tdur_1x1_d_uc,1105,Nikon,1x,1,TRI8005,A,R18,Top,2of2,External,Tdur,d,uc
1106_TRI8005_A_R18_2of2_Tdur_1x1_l_uc,1106,Nikon,1x,1,TRI8005,A,R18,Top,2of2,External,Tdur,l,uc
1107_TRI8005_A_R18_2of2_Tdur_1x1_p_uc,1107,Nikon,1x,1,TRI8005,A,R18,Top,2of2,External,Tdur,p,uc
1108_TRI8005_B_R1_1of2_Tdur_1x1_d_uc,1108,Nikon,1x,1,TRI8005,B,R1,Base,1of2,External,Tdur,d,uc
1109_TRI8005_B_R1_1of2_Tdur_1x1_l_uc,1109,Nikon,1x,1,TRI8005,B,R1,Base,1of2,External,Tdur,l,uc
1110_TRI8005_B_R1_1of2_Tdur_1x1_p_uc,1110,Nikon,1x,1,TRI8005,B,R1,Base,1of2,External,Tdur,p,uc
1111_TRI8005_B_R1_2of2_Tdur_1x1_d_uc,1111,Nikon,1x,1,TRI8005,B,R1,Base,2of2,External,Tdur,d,uc
1112_TRI8005_B_R1_2of2_Tdur_1x1_l_uc,1112,Nikon,1x,1,TRI8005,B,R1,Base,2of2,External,Tdur,l,uc
1113_TRI8005_B_R1_2of2_Tdur_1x1_p_uc,1113,Nikon,1x,1,TRI8005,B,R1,Base,2of2,External,Tdur,p,uc
1114_TRI8005_B_R2_1of2_Tdur_1x1_d_uc,1114,Nikon,1x,1,TRI8005,B,R2,Base,1of2,External,Tdur,d,uc
1115_TRI8005_B_R2_1of2_Tdur_1x1_l_uc,1115,Nikon,1x,1,TRI8005,B,R2,Base,1of2,External,Tdur,l,uc
1116_TRI8005_B_R2_1of2_Tdur_1x1_p_uc,1116,Nikon,1x,1,TRI8005,B,R2,Base,1of2,External,Tdur,p,uc
1117_TRI8005_B_R7_1of3_Tdur_1x1_d_uc,1117,Nikon,1x,1,TRI8005,B,R7,Mid,1of3,External,Tdur,d,uc
1118_TRI8005_B_R7_1of3_Tdur_1x1_l_uc,1118,Nikon,1x,1,TRI8005,B,R7,Mid,1of3,External,Tdur,l,uc
1119_TRI8005_B_R7_1of3_Tdur_1x1_p_uc,1119,Nikon,1x,1,TRI8005,B,R7,Mid,1of3,External,Tdur,p,uc
1120_TRI8005_B_R7_2of3_Tdur_1x1_d_uc,1120,Nikon,1x,1,TRI8005,B,R7,Mid,2of3,Internal,Tdur,d,uc
1121_TRI8005_B_R7_2of3_Tdur_1x1_l_uc,1121,Nikon,1x,1,TRI8005,B,R7,Mid,2of3,Internal,Tdur,l,uc
1122_TRI8005_B_R7_2of3_Tdur_1x1_p_uc,1122,Nikon,1x,1,TRI8005,B,R7,Mid,2of3,Internal,Tdur,p,uc
1123_TRI8005_B_R7_3of3_Tdur_1x1_d_uc,1123,Nikon,1x,1,TRI8005,B,R7,Mid,3of3,External,Tdur,d,uc
1124_TRI8005_B_R7_3of3_Tdur_1x1_l_uc,1124,Nikon,1x,1,TRI8005,B,R7,Mid,3of3,External,Tdur,l,uc
1125_TRI8005_B_R7_3of3_Tdur_1x1_p_uc,1125,Nikon,1x,1,TRI8005,B,R7,Mid,3of3,External,Tdur,p,uc
1126_TRI8005_B_R14_1of2_Tdur_1x1_d_uc,1126,Nikon,1x,1,TRI8005,B,R14,Top,1of2,External,Tdur,d,uc
1127_TRI8005_B_R14_1of2_Tdur_1x1_l_uc,1127,Nikon,1x,1,TRI8005,B,R14,Top,1of2,External,Tdur,l,uc
1128_TRI8005_B_R14_1of2_Tdur_1x1_p_uc,1128,Nikon,1x,1,TRI8005,B,R14,Top,1of2,External,Tdur,p,uc
1129_TRI8005_B_R14_2of2_Tdur_1x1_d_uc,1129,Nikon,1x,1,TRI8005,B,R14,Top,2of2,External,Tdur,d,uc
1130_TRI8005_B_R14_2of2_Tdur_1x1_l_uc,1130,Nikon,1x,1,TRI8005,B,R14,Top,2of2,External,Tdur,l,uc
1131_TRI8005_B_R14_2of2_Tdur_1x1_p_uc,1131,Nikon,1x,1,TRI8005,B,R14,Top,2of2,External,Tdur,p,uc
1132_TRI8005_B_R15_1of1_Tdur_1x1_d_uc,1132,Nikon,1x,1,TRI8005,B,R15,Top,1of1,Solo,Tdur,d,uc
1133_TRI8005_B_R15_1of1_Tdur_1x1_l_uc,1133,Nikon,1x,1,TRI8005,B,R15,Top,1of1,Solo,Tdur,l,uc
1134_TRI8005_B_R15_1of1_Tdur_1x1_p_uc,1134,Nikon,1x,1,TRI8005,B,R15,Top,1of1,Solo,Tdur,p,uc
1135_TRI8005_C_R1_1of2_Tdur_1x1_d_uc,1135,Nikon,1x,1,TRI8005,C,R1,Base,1of2,External,Tdur,d,uc
1136_TRI8005_C_R1_1of2_Tdur_1x1_l_uc,1136,Nikon,1x,1,TRI8005,C,R1,Base,1of2,External,Tdur,l,uc
1137_TRI8005_C_R1_1of2_Tdur_1x1_p_uc,1137,Nikon,1x,1,TRI8005,C,R1,Base,1of2,External,Tdur,p,uc
1138_TRI8005_C_R1_2of2_Tdur_1x1_d_uc,1138,Nikon,1x,1,TRI8005,C,R1,Base,2of2,External,Tdur,d,uc
1139_TRI8005_C_R1_2of2_Tdur_1x1_l_uc,1139,Nikon,1x,1,TRI8005,C,R1,Base,2of2,External,Tdur,l,uc
1140_TRI8005_C_R1_2of2_Tdur_1x1_p_uc,1140,Nikon,1x,1,TRI8005,C,R1,Base,2of2,External,Tdur,p,uc
1141_TRI8005_C_R2_2of3_Tdur_1x1_d_uc,1141,Nikon,1x,1,TRI8005,C,R2,Base,2of3,Internal,Tdur,d,uc
1142_TRI8005_C_R2_2of3_Tdur_1x1_l_uc,1142,Nikon,1x,1,TRI8005,C,R2,Base,2of3,Internal,Tdur,l,uc
1143_TRI8005_C_R2_2of3_Tdur_1x1_p_uc,1143,Nikon,1x,1,TRI8005,C,R2,Base,2of3,Internal,Tdur,p,uc
1144_TRI8005_C_R8_1of3_Tdur_1x1_d_uc,1144,Nikon,1x,1,TRI8005,C,R8,Mid,1of3,External,Tdur,d,uc
1145_TRI8005_C_R8_1of3_Tdur_1x1_l_uc,1145,Nikon,1x,1,TRI8005,C,R8,Mid,1of3,External,Tdur,l,uc
1146_TRI8005_C_R8_1of3_Tdur_1x1_p_uc,1146,Nikon,1x,1,TRI8005,C,R8,Mid,1of3,External,Tdur,p,uc
1147_TRI8005_C_R8_3of3_Tdur_1x1_d_uc,1147,Nikon,1x,1,TRI8005,C,R8,Mid,3of3,External,Tdur,d,uc
1148_TRI8005_C_R8_3of3_Tdur_1x1_l_uc,1148,Nikon,1x,1,TRI8005,C,R8,Mid,3of3,External,Tdur,l,uc
1149_TRI8005_C_R8_3of3_Tdur_1x1_p_uc,1149,Nikon,1x,1,TRI8005,C,R8,Mid,3of3,External,Tdur,p,uc
1150_TRI8005_C_R15_1of2_Tdur_1x1_d_uc,1150,Nikon,1x,1,TRI8005,C,R15,Mid,1of2,External,Tdur,d,uc
1151_TRI8005_C_R15_1of2_Tdur_1x1_l_uc,1151,Nikon,1x,1,TRI8005,C,R15,Mid,1of2,External,Tdur,l,uc
1152_TRI8005_C_R15_1of2_Tdur_1x1_p_uc,1152,Nikon,1x,1,TRI8005,C,R15,Mid,1of2,External,Tdur,p,uc
1153_TRI8005_C_R15_2of2_Tdur_1x1_d_uc,1153,Nikon,1x,1,TRI8005,C,R15,Top,2of2,External,Tdur,d,uc
1154_TRI8005_C_R15_2of2_Tdur_1x1_l_uc,1154,Nikon,1x,1,TRI8005,C,R15,Top,2of2,External,Tdur,l,uc
1155_TRI8005_C_R15_2of2_Tdur_1x1_p_uc,1155,Nikon,1x,1,TRI8005,C,R15,Top,2of2,External,Tdur,p,uc
1156_TRI8005_C_R16_1of1_Tdur_1x1_d_uc,1156,Nikon,1x,1,TRI8005,C,R16,Top,1of1,Solo,Tdur,d,uc
1157_TRI8005_C_R16_1of1_Tdur_1x1_l_uc,1157,Nikon,1x,1,TRI8005,C,R16,Top,1of1,Solo,Tdur,l,uc
1158_TRI8005_C_R16_1of1_Tdur_1x1_p_uc,1158,Nikon,1x,1,TRI8005,C,R16,Top,1of1,Solo,Tdur,p,uc
1159_TRI8005_C_R8_2of3_Tdur_1x1_d_uc,1159,Nikon,1x,1,TRI8005,C,R8,Top,2of3,Internal,Tdur,d,uc
1160_TRI8005_C_R8_2of3_Tdur_1x1_l_uc,1160,Nikon,1x,1,TRI8005,C,R8,Top,2of3,Internal,Tdur,l,uc
1161_TRI8005_C_R8_2of3_Tdur_1x1_p_uc,1161,Nikon,1x,1,TRI8005,C,R8,Top,2of3,Internal,Tdur,p,uc
1270_USDA190157_A_R1_1of4_Tturg_1x1_d_uc,1270,Nikon,1x,1,USDA190157,A,R1,Base,1of4,External,Tturg,d,uc
1271_USDA190157_A_R1_1of4_Tturg_1x1_l_uc,1271,Nikon,1x,1,USDA190157,A,R1,Base,1of4,External,Tturg,l,uc
1272_USDA190157_A_R1_1of4_Tturg_1x1_p_uc,1272,Nikon,1x,1,USDA190157,A,R1,Base,1of4,External,Tturg,p,uc
1273_USDA190157_A_R1_2of4_Tturg_1x1_d_uc,1273,Nikon,1x,1,USDA190157,A,R1,Base,2of4,Internal,Tturg,d,uc
1274_USDA190157_A_R1_2of4_Tturg_1x1_l_uc,1274,Nikon,1x,1,USDA190157,A,R1,Base,2of4,Internal,Tturg,l,uc
1275_USDA190157_A_R1_2of4_Tturg_1x1_p_uc,1275,Nikon,1x,1,USDA190157,A,R1,Base,2of4,Internal,Tturg,p,uc
1276_USDA190157_A_R1_3of4_Tturg_1x1_d_uc,1276,Nikon,1x,1,USDA190157,A,R1,Base,3of4,Internal,Tturg,d,uc
1277_USDA190157_A_R1_3of4_Tturg_1x1_l_uc,1277,Nikon,1x,1,USDA190157,A,R1,Base,3of4,Internal,Tturg,l,uc
1278_USDA190157_A_R1_3of4_Tturg_1x1_p_uc,1278,Nikon,1x,1,USDA190157,A,R1,Base,3of4,Internal,Tturg,p,uc
1279_USDA190157_A_R11_1of4_Tturg_1x1_d_uc,1279,Nikon,1x,1,USDA190157,A,R11,Mid,1of4,External,Tturg,d,uc
1280_USDA190157_A_R11_1of4_Tturg_1x1_l_uc,1280,Nikon,1x,1,USDA190157,A,R11,Mid,1of4,External,Tturg,l,uc
1281_USDA190157_A_R11_1of4_Tturg_1x1_p_uc,1281,Nikon,1x,1,USDA190157,A,R11,Mid,1of4,External,Tturg,p,uc
1282_USDA190157_A_R11_2of4_Tturg_1x1_d_uc,1282,Nikon,1x,1,USDA190157,A,R11,Mid,2of4,Internal,Tturg,d,uc
1283_USDA190157_A_R11_2of4_Tturg_1x1_l_uc,1283,Nikon,1x,1,USDA190157,A,R11,Mid,2of4,Internal,Tturg,l,uc
1284_USDA190157_A_R11_2of4_Tturg_1x1_p_uc,1284,Nikon,1x,1,USDA190157,A,R11,Mid,2of4,Internal,Tturg,p,uc
1285_USDA190157_A_R12_1of4_Tturg_1x1_d_uc,1285,Nikon,1x,1,USDA190157,A,R12,Mid,1of4,External,Tturg,d,uc
1286_USDA190157_A_R12_1of4_Tturg_1x1_l_uc,1286,Nikon,1x,1,USDA190157,A,R12,Mid,1of4,External,Tturg,l,uc
1287_USDA190157_A_R12_1of4_Tturg_1x1_p_uc,1287,Nikon,1x,1,USDA190157,A,R12,Mid,1of4,External,Tturg,p,uc
1288_USDA190157_A_R20_1of2_Tturg_1x1_d_uc,1288,Nikon,1x,1,USDA190157,A,R20,Top,1of2,External,Tturg,d,uc
1289_USDA190157_A_R20_1of2_Tturg_1x1_l_uc,1289,Nikon,1x,1,USDA190157,A,R20,Top,1of2,External,Tturg,l,uc
1290_USDA190157_A_R20_1of2_Tturg_1x1_p_uc,1290,Nikon,1x,1,USDA190157,A,R20,Top,1of2,External,Tturg,p,uc
1291_USDA190157_A_R21_1of1_Tturg_1x1_d_uc,1291,Nikon,1x,1,USDA190157,A,R21,Top,1of1,Solo,Tturg,d,uc
1292_USDA190157_A_R21_1of1_Tturg_1x1_l_uc,1292,Nikon,1x,1,USDA190157,A,R21,Top,1of1,Solo,Tturg,l,uc
1293_USDA190157_A_R21_1of1_Tturg_1x1_p_uc,1293,Nikon,1x,1,USDA190157,A,R21,Top,1of1,Solo,Tturg,p,uc
1294_USDA190157_A_R22_1of1_Tturg_1x1_d_uc,1294,Nikon,1x,1,USDA190157,A,R22,Top,1of1,Solo,Tturg,d,uc
1295_USDA190157_A_R22_1of1_Tturg_1x1_l_uc,1295,Nikon,1x,1,USDA190157,A,R22,Top,1of1,Solo,Tturg,l,uc
1296_USDA190157_A_R22_1of1_Tturg_1x1_p_uc,1296,Nikon,1x,1,USDA190157,A,R22,Top,1of1,Solo,Tturg,p,uc
1297_USDA190157_B_R1_1of2_Tturg_1x1_d_uc,1297,Nikon,1x,1,USDA190157,B,R1,Base,1of2,External,Tturg,d,uc
1298_USDA190157_B_R1_1of2_Tturg_1x1_l_uc,1298,Nikon,1x,1,USDA190157,B,R1,Base,1of2,External,Tturg,l,uc
1299_USDA190157_B_R1_1of2_Tturg_1x1_p_uc,1299,Nikon,1x,1,USDA190157,B,R1,Base,1of2,External,Tturg,p,uc
1300_USDA190157_B_R1_2of2_Tturg_1x1_d_uc,1300,Nikon,1x,1,USDA190157,B,R1,Base,2of2,External,Tturg,d,uc
1301_USDA190157_B_R1_2of2_Tturg_1x1_l_uc,1301,Nikon,1x,1,USDA190157,B,R1,Base,2of2,External,Tturg,l,uc
1302_USDA190157_B_R1_2of2_Tturg_1x1_p_uc,1302,Nikon,1x,1,USDA190157,B,R1,Base,2of2,External,Tturg,p,uc
1303_USDA190157_B_R2_1of2_Tturg_1x1_d_uc,1303,Nikon,1x,1,USDA190157,B,R2,Base,1of2,External,Tturg,d,uc
1304_USDA190157_B_R2_1of2_Tturg_1x1_l_uc,1304,Nikon,1x,1,USDA190157,B,R2,Base,1of2,External,Tturg,l,uc
1305_USDA190157_B_R2_1of2_Tturg_1x1_p_uc,1305,Nikon,1x,1,USDA190157,B,R2,Base,1of2,External,Tturg,p,uc
1309_USDA190157_B_R12_4of6_Tturg_1x1_d_uc,1309,Nikon,1x,1,USDA190157,B,R12,Mid,4of6,Internal,Tturg,d,uc
1310_USDA190157_B_R12_4of6_Tturg_1x1_l_uc,1310,Nikon,1x,1,USDA190157,B,R12,Mid,4of6,Internal,Tturg,l,uc
1311_USDA190157_B_R12_4of6_Tturg_1x1_p_uc,1311,Nikon,1x,1,USDA190157,B,R12,Mid,4of6,Internal,Tturg,p,uc
1312_USDA190157_B_R12_6of6_Tturg_1x1_d_uc,1312,Nikon,1x,1,USDA190157,B,R12,Mid,6of6,External,Tturg,d,uc
1313_USDA190157_B_R12_6of6_Tturg_1x1_l_uc,1313,Nikon,1x,1,USDA190157,B,R12,Mid,6of6,External,Tturg,l,uc
1314_USDA190157_B_R12_6of6_Tturg_1x1_p_uc,1314,Nikon,1x,1,USDA190157,B,R12,Mid,6of6,External,Tturg,p,uc
1315_USDA190157_B_R12_5of6_Tturg_1x1_d_uc,1315,Nikon,1x,1,USDA190157,B,R12,Mid,5of6,Internal,Tturg,d,uc
1316_USDA190157_B_R12_5of6_Tturg_1x1_l_uc,1316,Nikon,1x,1,USDA190157,B,R12,Mid,5of6,Internal,Tturg,l,uc
1317_USDA190157_B_R12_5of6_Tturg_1x1_p_uc,1317,Nikon,1x,1,USDA190157,B,R12,Mid,5of6,Internal,Tturg,p,uc
1318_USDA190157_B_R22_1of2_Tturg_1x1_d_uc,1318,Nikon,1x,1,USDA190157,B,R22,Top,1of2,External,Tturg,d,uc
1319_USDA190157_B_R22_1of2_Tturg_1x1_l_uc,1319,Nikon,1x,1,USDA190157,B,R22,Top,1of2,External,Tturg,l,uc
1320_USDA190157_B_R22_1of2_Tturg_1x1_p_uc,1320,Nikon,1x,1,USDA190157,B,R22,Top,1of2,External,Tturg,p,uc
1321_USDA190157_B_R22_2of2_Tturg_1x1_d_uc,1321,Nikon,1x,1,USDA190157,B,R22,Top,2of2,External,Tturg,d,uc
1322_USDA190157_B_R22_2of2_Tturg_1x1_l_uc,1322,Nikon,1x,1,USDA190157,B,R22,Top,2of2,External,Tturg,l,uc
1323_USDA190157_B_R22_2of2_Tturg_1x1_p_uc,1323,Nikon,1x,1,USDA190157,B,R22,Top,2of2,External,Tturg,p,uc
1324_USDA190157_B_R23_1of1_Tturg_1x1_d_uc,1324,Nikon,1x,1,USDA190157,B,R23,Top,1of1,Solo,Tturg,d,uc
1325_USDA190157_B_R23_1of1_Tturg_1x1_l_uc,1325,Nikon,1x,1,USDA190157,B,R23,Top,1of1,Solo,Tturg,l,uc
1326_USDA190157_B_R23_1of1_Tturg_1x1_p_uc,1326,Nikon,1x,1,USDA190157,B,R23,Top,1of1,Solo,Tturg,p,uc
1327_USDA190157_C_R2_1of2_Tturg_1x1_d_uc,1327,Nikon,1x,1,USDA190157,C,R2,Base,1of2,External,Tturg,d,uc
1328_USDA190157_C_R2_1of2_Tturg_1x1_l_uc,1328,Nikon,1x,1,USDA190157,C,R2,Base,1of2,External,Tturg,l,uc
1329_USDA190157_C_R2_1of2_Tturg_1x1_p_uc,1329,Nikon,1x,1,USDA190157,C,R2,Base,1of2,External,Tturg,p,uc
1330_USDA190157_C_R2_2of2_Tturg_1x1_d_uc,1330,Nikon,1x,1,USDA190157,C,R2,Base,2of2,External,Tturg,d,uc
1331_USDA190157_C_R2_2of2_Tturg_1x1_l_uc,1331,Nikon,1x,1,USDA190157,C,R2,Base,2of2,External,Tturg,l,uc
1332_USDA190157_C_R2_2of2_Tturg_1x1_p_uc,1332,Nikon,1x,1,USDA190157,C,R2,Base,2of2,External,Tturg,p,uc
1333_USDA190157_C_R3_4of5_Tturg_1x1_d_uc,1333,Nikon,1x,1,USDA190157,C,R3,Base,4of5,Internal,Tturg,d,uc
1334_USDA190157_C_R3_4of5_Tturg_1x1_l_uc,1334,Nikon,1x,1,USDA190157,C,R3,Base,4of5,Internal,Tturg,l,uc
1335_USDA190157_C_R3_4of5_Tturg_1x1_p_uc,1335,Nikon,1x,1,USDA190157,C,R3,Base,4of5,Internal,Tturg,p,uc
1336_USDA190157_C_R8_1of6_Tturg_1x1_d_uc,1336,Nikon,1x,1,USDA190157,C,R8,Mid,1of6,External,Tturg,d,uc
1337_USDA190157_C_R8_1of6_Tturg_1x1_l_uc,1337,Nikon,1x,1,USDA190157,C,R8,Mid,1of6,External,Tturg,l,uc
1338_USDA190157_C_R8_1of6_Tturg_1x1_p_uc,1338,Nikon,1x,1,USDA190157,C,R8,Mid,1of6,External,Tturg,p,uc
1339_USDA190157_C_R8_5of6_Tturg_1x1_d_uc,1339,Nikon,1x,1,USDA190157,C,R8,Mid,5of6,Internal,Tturg,d,uc
1340_USDA190157_C_R8_5of6_Tturg_1x1_l_uc,1340,Nikon,1x,1,USDA190157,C,R8,Mid,5of6,Internal,Tturg,l,uc
1341_USDA190157_C_R8_5of6_Tturg_1x1_p_uc,1341,Nikon,1x,1,USDA190157,C,R8,Mid,5of6,Internal,Tturg,p,uc
1342_USDA190157_C_R8_2of6_Tturg_1x1_d_uc,1342,Nikon,1x,1,USDA190157,C,R8,Mid,2of6,Internal,Tturg,d,uc
1343_USDA190157_C_R8_2of6_Tturg_1x1_l_uc,1343,Nikon,1x,1,USDA190157,C,R8,Mid,2of6,Internal,Tturg,l,uc
1344_USDA190157_C_R8_2of6_Tturg_1x1_p_uc,1344,Nikon,1x,1,USDA190157,C,R8,Mid,2of6,Internal,Tturg,p,uc
1345_USDA190157_C_R13_1of2_Tturg_1x1_d_uc,1345,Nikon,1x,1,USDA190157,C,R13,Top,1of2,External,Tturg,d,uc
1346_USDA190157_C_R13_1of2_Tturg_1x1_l_uc,1346,Nikon,1x,1,USDA190157,C,R13,Top,1of2,External,Tturg,l,uc
1347_USDA190157_C_R13_1of2_Tturg_1x1_p_uc,1347,Nikon,1x,1,USDA190157,C,R13,Top,1of2,External,Tturg,p,uc
1348_USDA190157_C_R13_2of2_Tturg_1x1_d_uc,1348,Nikon,1x,1,USDA190157,C,R13,Top,2of2,External,Tturg,d,uc
1349_USDA190157_C_R13_2of2_Tturg_1x1_l_uc,1349,Nikon,1x,1,USDA190157,C,R13,Top,2of2,External,Tturg,l,uc
1350_USDA190157_C_R13_2of2_Tturg_1x1_p_uc,1350,Nikon,1x,1,USDA190157,C,R13,Top,2of2,External,Tturg,p,uc
1351_USDA190157_C_R14_1of1_Tturg_1x1_d_uc,1351,Nikon,1x,1,USDA190157,C,R14,Top,1of1,Solo,Tturg,d,uc
1352_USDA190157_C_R14_1of1_Tturg_1x1_l_uc,1352,Nikon,1x,1,USDA190157,C,R14,Top,1of1,Solo,Tturg,l,uc
1353_USDA190157_C_R14_1of1_Tturg_1x1_p_uc,1353,Nikon,1x,1,USDA190157,C,R14,Top,1of1,Solo,Tturg,p,uc
2029_PI362637_A_R1_2of2_Tdur_1x1_d_uc,2029,Nikon,1x,1,PI362637,A,R1,Base,2of2,External,Tdur,d,uc
2030_PI362637_A_R1_2of2_Tdur_1x1_l_uc,2030,Nikon,1x,1,PI362637,A,R1,Base,2of2,External,Tdur,l,uc
2031_PI362637_A_R1_2of2_Tdur_1x1_p_uc,2031,Nikon,1x,1,PI362637,A,R1,Base,2of2,External,Tdur,p,uc
2032_PI362637_A_R2_1of3_Tdur_1x1_d_uc,2032,Nikon,1x,1,PI362637,A,R2,Base,1of3,External,Tdur,d,uc
2033_PI362637_A_R2_1of3_Tdur_1x1_l_uc,2033,Nikon,1x,1,PI362637,A,R2,Base,1of3,External,Tdur,l,uc
2034_PI362637_A_R2_1of3_Tdur_1x1_p_uc,2034,Nikon,1x,1,PI362637,A,R2,Base,1of3,External,Tdur,p,uc
2035_PI362637_A_R2_2of3_Tdur_1x1_d_uc,2035,Nikon,1x,1,PI362637,A,R2,Base,2of3,Internal,Tdur,d,uc
2036_PI362637_A_R2_2of3_Tdur_1x1_l_uc,2036,Nikon,1x,1,PI362637,A,R2,Base,2of3,Internal,Tdur,l,uc
2037_PI362637_A_R2_2of3_Tdur_1x1_p_uc,2037,Nikon,1x,1,PI362637,A,R2,Base,2of3,Internal,Tdur,p,uc
2038_PI362637_A_R10_1of4_Tdur_1x1_d_uc,2038,Nikon,1x,1,PI362637,A,R10,Mid,1of4,External,Tdur,d,uc
2039_PI362637_A_R10_1of4_Tdur_1x1_l_uc,2039,Nikon,1x,1,PI362637,A,R10,Mid,1of4,External,Tdur,l,uc
2040_PI362637_A_R10_1of4_Tdur_1x1_p_uc,2040,Nikon,1x,1,PI362637,A,R10,Mid,1of4,External,Tdur,p,uc
2041_PI362637_A_R10_2of4_Tdur_1x1_d_uc,2041,Nikon,1x,1,PI362637,A,R10,Mid,2of4,Internal,Tdur,d,uc
2042_PI362637_A_R10_2of4_Tdur_1x1_l_uc,2042,Nikon,1x,1,PI362637,A,R10,Mid,2of4,Internal,Tdur,l,uc
2043_PI362637_A_R10_2of4_Tdur_1x1_p_uc,2043,Nikon,1x,1,PI362637,A,R10,Mid,2of4,Internal,Tdur,p,uc
2044_PI362637_A_R10_4of4_Tdur_1x1_d_uc,2044,Nikon,1x,1,PI362637,A,R10,Mid,4of4,External,Tdur,d,uc
2045_PI362637_A_R10_4of4_Tdur_1x1_l_uc,2045,Nikon,1x,1,PI362637,A,R10,Mid,4of4,External,Tdur,l,uc
2046_PI362637_A_R10_4of4_Tdur_1x1_p_uc,2046,Nikon,1x,1,PI362637,A,R10,Mid,4of4,External,Tdur,p,uc
2047_PI362637_A_R19_1of1_Tdur_1x1_d_uc,2047,Nikon,1x,1,PI362637,A,R19,Top,1of1,Solo,Tdur,d,uc
2048_PI362637_A_R19_1of1_Tdur_1x1_l_uc,2048,Nikon,1x,1,PI362637,A,R19,Top,1of1,Solo,Tdur,l,uc
2049_PI362637_A_R19_1of1_Tdur_1x1_p_uc,2049,Nikon,1x,1,PI362637,A,R19,Top,1of1,Solo,Tdur,p,uc
2050_PI362637_A_R20_1of2_Tdur_1x1_d_uc,2050,Nikon,1x,1,PI362637,A,R20,Top,1of2,External,Tdur,d,uc
2051_PI362637_A_R20_1of2_Tdur_1x1_l_uc,2051,Nikon,1x,1,PI362637,A,R20,Top,1of2,External,Tdur,l,uc
2052_PI362637_A_R20_1of2_Tdur_1x1_p_uc,2052,Nikon,1x,1,PI362637,A,R20,Top,1of2,External,Tdur,p,uc
2053_PI362637_A_R20_2of2_Tdur_1x1_d_uc,2053,Nikon,1x,1,PI362637,A,R20,Top,2of2,External,Tdur,d,uc
2054_PI362637_A_R20_2of2_Tdur_1x1_l_uc,2054,Nikon,1x,1,PI362637,A,R20,Top,2of2,External,Tdur,l,uc
2055_PI362637_A_R20_2of2_Tdur_1x1_p_uc,2055,Nikon,1x,1,PI362637,A,R20,Top,2of2,External,Tdur,p,uc
2056_PI362637_B_R1_1of2_Tdur_1x1_d_uc,2056,Nikon,1x,1,PI362637,B,R1,Base,1of2,External,Tdur,d,uc
2057_PI362637_B_R1_1of2_Tdur_1x1_l_uc,2057,Nikon,1x,1,PI362637,B,R1,Base,1of2,External,Tdur,l,uc
2058_PI362637_B_R1_1of2_Tdur_1x1_p_uc,2058,Nikon,1x,1,PI362637,B,R1,Base,1of2,External,Tdur,p,uc
2059_PI362637_B_R1_2of2_Tdur_1x1_d_uc,2059,Nikon,1x,1,PI362637,B,R1,Base,2of2,External,Tdur,d,uc
2060_PI362637_B_R1_2of2_Tdur_1x1_l_uc,2060,Nikon,1x,1,PI362637,B,R1,Base,2of2,External,Tdur,l,uc
2061_PI362637_B_R1_2of2_Tdur_1x1_p_uc,2061,Nikon,1x,1,PI362637,B,R1,Base,2of2,External,Tdur,p,uc
2062_PI362637_B_R2_1of3_Tdur_1x1_d_uc,2062,Nikon,1x,1,PI362637,B,R2,Base,1of3,External,Tdur,d,uc
2063_PI362637_B_R2_1of3_Tdur_1x1_l_uc,2063,Nikon,1x,1,PI362637,B,R2,Base,1of3,External,Tdur,l,uc
2064_PI362637_B_R2_1of3_Tdur_1x1_p_uc,2064,Nikon,1x,1,PI362637,B,R2,Base,1of3,External,Tdur,p,uc
2065_PI362637_B_R10_1of4_Tdur_1x1_d_uc,2065,Nikon,1x,1,PI362637,B,R10,Mid,1of4,External,Tdur,d,uc
2066_PI362637_B_R10_1of4_Tdur_1x1_l_uc,2066,Nikon,1x,1,PI362637,B,R10,Mid,1of4,External,Tdur,l,uc
2067_PI362637_B_R10_1of4_Tdur_1x1_p_uc,2067,Nikon,1x,1,PI362637,B,R10,Mid,1of4,External,Tdur,p,uc
2068_PI362637_B_R10_2of4_Tdur_1x1_d_uc,2068,Nikon,1x,1,PI362637,B,R10,Mid,2of4,Internal,Tdur,d,uc
2069_PI362637_B_R10_2of4_Tdur_1x1_l_uc,2069,Nikon,1x,1,PI362637,B,R10,Mid,2of4,Internal,Tdur,l,uc
2070_PI362637_B_R10_2of4_Tdur_1x1_p_uc,2070,Nikon,1x,1,PI362637,B,R10,Mid,2of4,Internal,Tdur,p,uc
2071_PI362637_B_R10_3of4_Tdur_1x1_d_uc,2071,Nikon,1x,1,PI362637,B,R10,Mid,3of4,Internal,Tdur,d,uc
2072_PI362637_B_R10_3of4_Tdur_1x1_l_uc,2072,Nikon,1x,1,PI362637,B,R10,Mid,3of4,Internal,Tdur,l,uc
2073_PI362637_B_R10_3of4_Tdur_1x1_p_uc,2073,Nikon,1x,1,PI362637,B,R10,Mid,3of4,Internal,Tdur,p,uc
2074_PI362637_B_R19_1of2_Tdur_1x1_d_uc,2074,Nikon,1x,1,PI362637,B,R19,Top,1of2,External,Tdur,d,uc
2075_PI362637_B_R19_1of2_Tdur_1x1_l_uc,2075,Nikon,1x,1,PI362637,B,R19,Top,1of2,External,Tdur,l,uc
2076_PI362637_B_R19_1of2_Tdur_1x1_p_uc,2076,Nikon,1x,1,PI362637,B,R19,Top,1of2,External,Tdur,p,uc
2077_PI362637_B_R19_2of2_Tdur_1x1_d_uc,2077,Nikon,1x,1,PI362637,B,R19,Top,2of2,External,Tdur,d,uc
2078_PI362637_B_R19_2of2_Tdur_1x1_l_uc,2078,Nikon,1x,1,PI362637,B,R19,Top,2of2,External,Tdur,l,uc
2079_PI362637_B_R19_2of2_Tdur_1x1_p_uc,2079,Nikon,1x,1,PI362637,B,R19,Top,2of2,External,Tdur,p,uc
2080_PI362637_B_R20_1of2_Tdur_1x1_d_uc,2080,Nikon,1x,1,PI362637,B,R20,Top,1of2,External,Tdur,d,uc
2081_PI362637_B_R20_1of2_Tdur_1x1_l_uc,2081,Nikon,1x,1,PI362637,B,R20,Top,1of2,External,Tdur,l,uc
2082_PI362637_B_R20_1of2_Tdur_1x1_p_uc,2082,Nikon,1x,1,PI362637,B,R20,Top,1of2,External,Tdur,p,uc
2083_PI362637_C_R1_1of2_Tdur_1x1_d_uc,2083,Nikon,1x,1,PI362637,C,R1,Base,1of2,External,Tdur,d,uc
2084_PI362637_C_R1_1of2_Tdur_1x1_l_uc,2084,Nikon,1x,1,PI362637,C,R1,Base,1of2,External,Tdur,l,uc
2085_PI362637_C_R1_1of2_Tdur_1x1_p_uc,2085,Nikon,1x,1,PI362637,C,R1,Base,1of2,External,Tdur,p,uc
2086_PI362637_C_R1_2of2_Tdur_1x1_d_uc,2086,Nikon,1x,1,PI362637,C,R1,Base,2of2,External,Tdur,d,uc
2087_PI362637_C_R1_2of2_Tdur_1x1_l_uc,2087,Nikon,1x,1,PI362637,C,R1,Base,2of2,External,Tdur,l,uc
2088_PI362637_C_R1_2of2_Tdur_1x1_p_uc,2088,Nikon,1x,1,PI362637,C,R1,Base,2of2,External,Tdur,p,uc
2089_PI362637_C_R2_2of3_Tdur_1x1_d_uc,2089,Nikon,1x,1,PI362637,C,R2,Base,2of3,Internal,Tdur,d,uc
2090_PI362637_C_R2_2of3_Tdur_1x1_l_uc,2090,Nikon,1x,1,PI362637,C,R2,Base,2of3,Internal,Tdur,l,uc
2091_PI362637_C_R2_2of3_Tdur_1x1_p_uc,2091,Nikon,1x,1,PI362637,C,R2,Base,2of3,Internal,Tdur,p,uc
2092_PI362637_C_R12_1of3_Tdur_1x1_d_uc,2092,Nikon,1x,1,PI362637,C,R12,Mid,1of3,External,Tdur,d,uc
2093_PI362637_C_R12_1of3_Tdur_1x1_l_uc,2093,Nikon,1x,1,PI362637,C,R12,Mid,1of3,External,Tdur,l,uc
2094_PI362637_C_R12_1of3_Tdur_1x1_p_uc,2094,Nikon,1x,1,PI362637,C,R12,Mid,1of3,External,Tdur,p,uc
2095_PI362637_C_R12_2of3_Tdur_1x1_d_uc,2095,Nikon,1x,1,PI362637,C,R12,Mid,2of3,Internal,Tdur,d,uc
2096_PI362637_C_R12_2of3_Tdur_1x1_l_uc,2096,Nikon,1x,1,PI362637,C,R12,Mid,2of3,Internal,Tdur,l,uc
2097_PI362637_C_R12_2of3_Tdur_1x1_p_uc,2097,Nikon,1x,1,PI362637,C,R12,Mid,2of3,Internal,Tdur,p,uc
2098_PI362637_C_R12_3of3_Tdur_1x1_d_uc,2098,Nikon,1x,1,PI362637,C,R12,Mid,3of3,External,Tdur,d,uc
2099_PI362637_C_R12_3of3_Tdur_1x1_l_uc,2099,Nikon,1x,1,PI362637,C,R12,Mid,3of3,External,Tdur,l,uc
2100_PI362637_C_R12_3of3_Tdur_1x1_p_uc,2100,Nikon,1x,1,PI362637,C,R12,Mid,3of3,External,Tdur,p,uc
2101_PI362637_C_R20_1of2_Tdur_1x1_d_uc,2101,Nikon,1x,1,PI362637,C,R20,Top,1of2,External,Tdur,d,uc
2102_PI362637_C_R20_1of2_Tdur_1x1_l_uc,2102,Nikon,1x,1,PI362637,C,R20,Top,1of2,External,Tdur,l,uc
2103_PI362637_C_R20_1of2_Tdur_1x1_p_uc,2103,Nikon,1x,1,PI362637,C,R20,Top,1of2,External,Tdur,p,uc
2104_PI362637_C_R21_1of2_Tdur_1x1_d_uc,2104,Nikon,1x,1,PI362637,C,R21,Top,1of2,External,Tdur,d,uc
2105_PI362637_C_R21_1of2_Tdur_1x1_l_uc,2105,Nikon,1x,1,PI362637,C,R21,Top,1of2,External,Tdur,l,uc
2106_PI362637_C_R21_1of2_Tdur_1x1_p_uc,2106,Nikon,1x,1,PI362637,C,R21,Top,1of2,External,Tdur,p,uc
2107_PI362637_C_R21_2of2_Tdur_1x1_d_uc,2107,Nikon,1x,1,PI362637,C,R21,Top,2of2,External,Tdur,d,uc
2108_PI362637_C_R21_2of2_Tdur_1x1_l_uc,2108,Nikon,1x,1,PI362637,C,R21,Top,2of2,External,Tdur,l,uc
2109_PI362637_C_R21_2of2_Tdur_1x1_p_uc,2109,Nikon,1x,1,PI362637,C,R21,Top,2of2,External,Tdur,p,uc
2272_W6537_A_R1_1of3_Taes_1x1_d_uc,2272,Nikon,1x,1,W6537,A,R1,Base,1of3,External,Taes,d,uc
2273_W6537_A_R1_1of3_Taes_1x1_l_uc,2273,Nikon,1x,1,W6537,A,R1,Base,1of3,External,Taes,l,uc
2274_W6537_A_R1_1of3_Taes_1x1_p_uc,2274,Nikon,1x,1,W6537,A,R1,Base,1of3,External,Taes,p,uc
2275_W6537_A_R1_2of3_Taes_1x1_d_uc,2275,Nikon,1x,1,W6537,A,R1,Base,2of3,Internal,Taes,d,uc
2276_W6537_A_R1_2of3_Taes_1x1_l_uc,2276,Nikon,1x,1,W6537,A,R1,Base,2of3,Internal,Taes,l,uc
2277_W6537_A_R1_3of3_Taes_1x1_p_uc,2277,Nikon,1x,1,W6537,A,R1,Base,2of3,Internal,Taes,p,uc
2278_W6537_A_R1_3of3_Taes_1x1_d_uc,2278,Nikon,1x,1,W6537,A,R1,Base,3of3,External,Taes,d,uc
2279_W6537_A_R1_3of3_Taes_1x1_l_uc,2279,Nikon,1x,1,W6537,A,R1,Base,3of3,External,Taes,l,uc
2280_W6537_A_R1_3of3_Taes_1x1_p_uc,2280,Nikon,1x,1,W6537,A,R1,Base,3of3,External,Taes,p,uc
2281_W6537_A_R9_3of5_Taes_1x1_d_uc,2281,Nikon,1x,1,W6537,A,R9,Mid,3of5,Internal,Taes,d,uc
2282_W6537_A_R9_3of5_Taes_1x1_l_uc,2282,Nikon,1x,1,W6537,A,R9,Mid,3of5,Internal,Taes,l,uc
2283_W6537_A_R9_3of5_Taes_1x1_p_uc,2283,Nikon,1x,1,W6537,A,R9,Mid,3of5,Internal,Taes,p,uc
2284_W6537_A_R9_4of5_Taes_1x1_d_uc,2284,Nikon,1x,1,W6537,A,R9,Mid,4of5,Internal,Taes,d,uc
2285_W6537_A_R9_4of5_Taes_1x1_l_uc,2285,Nikon,1x,1,W6537,A,R9,Mid,4of5,Internal,Taes,l,uc
2286_W6537_A_R9_4of5_Taes_1x1_p_uc,2286,Nikon,1x,1,W6537,A,R9,Mid,4of5,Internal,Taes,p,uc
2287_W6537_A_R9_5of5_Taes_1x1_d_uc,2287,Nikon,1x,1,W6537,A,R9,Mid,5of5,External,Taes,d,uc
2288_W6537_A_R9_5of5_Taes_1x1_l_uc,2288,Nikon,1x,1,W6537,A,R9,Mid,5of5,External,Taes,l,uc
2289_W6537_A_R9_5of5_Taes_1x1_p_uc,2289,Nikon,1x,1,W6537,A,R9,Mid,5of5,External,Taes,p,uc
2290_W6537_A_R16_2of2_Taes_1x1_d_uc,2290,Nikon,1x,1,W6537,A,R16,Top,2of2,External,Taes,d,uc
2291_W6537_A_R16_2of2_Taes_1x1_l_uc,2291,Nikon,1x,1,W6537,A,R16,Top,2of2,External,Taes,l,uc
2292_W6537_A_R16_2of2_Taes_1x1_p_uc,2292,Nikon,1x,1,W6537,A,R16,Top,2of2,External,Taes,p,uc
2293_W6537_A_R17_1of1_Taes_1x1_d_uc,2293,Nikon,1x,1,W6537,A,R17,Top,1of1,Solo,Taes,d,uc
2294_W6537_A_R17_1of1_Taes_1x1_l_uc,2294,Nikon,1x,1,W6537,A,R17,Top,1of1,Solo,Taes,l,uc
2295_W6537_A_R17_1of1_Taes_1x1_p_uc,2295,Nikon,1x,1,W6537,A,R17,Top,1of1,Solo,Taes,p,uc
2296_W6537_A_R18_1of1_Taes_1x1_d_uc,2296,Nikon,1x,1,W6537,A,R18,Top,1of1,Solo,Taes,d,uc
2297_W6537_A_R18_1of1_Taes_1x1_l_uc,2297,Nikon,1x,1,W6537,A,R18,Top,1of1,Solo,Taes,l,uc
2298_W6537_A_R18_1of1_Taes_1x1_p_uc,2298,Nikon,1x,1,W6537,A,R18,Top,1of1,Solo,Taes,p,uc
2299_W6537_B_R1_1of1_Taes_1x1_d_uc,2299,Nikon,1x,1,W6537,B,R1,Base,1of1,Solo,Taes,d,uc
2300_W6537_B_R1_1of1_Taes_1x1_l_uc,2300,Nikon,1x,1,W6537,B,R1,Base,1of1,Solo,Taes,l,uc
2301_W6537_B_R1_1of1_Taes_1x1_p_uc,2301,Nikon,1x,1,W6537,B,R1,Base,1of1,Solo,Taes,p,uc
2302_W6537_B_R2_2of3_Taes_1x1_d_uc,2302,Nikon,1x,1,W6537,B,R2,Base,2of3,Internal,Taes,d,uc
2303_W6537_B_R2_2of3_Taes_1x1_l_uc,2303,Nikon,1x,1,W6537,B,R2,Base,2of3,Internal,Taes,l,uc
2304_W6537_B_R2_2of3_Taes_1x1_p_uc,2304,Nikon,1x,1,W6537,B,R2,Base,2of3,Internal,Taes,p,uc
2305_W6537_B_R2_3of3_Taes_1x1_d_uc,2305,Nikon,1x,1,W6537,B,R2,Base,3of3,External,Taes,d,uc
2306_W6537_B_R2_3of3_Taes_1x1_l_uc,2306,Nikon,1x,1,W6537,B,R2,Base,3of3,External,Taes,l,uc
2307_W6537_B_R2_3of3_Taes_1x1_p_uc,2307,Nikon,1x,1,W6537,B,R2,Base,3of3,External,Taes,p,uc
2308_W6537_B_R11_2of4_Taes_1x1_d_uc,2308,Nikon,1x,1,W6537,B,R11,Mid,2of4,Internal,Taes,d,uc
2309_W6537_B_R11_2of4_Taes_1x1_l_uc,2309,Nikon,1x,1,W6537,B,R11,Mid,2of4,Internal,Taes,l,uc
2310_W6537_B_R11_2of4_Taes_1x1_p_uc,2310,Nikon,1x,1,W6537,B,R11,Mid,2of4,Internal,Taes,p,uc
2311_W6537_B_R11_3of4_Taes_1x1_d_uc,2311,Nikon,1x,1,W6537,B,R11,Mid,3of4,Internal,Taes,d,uc
2312_W6537_B_R11_3of4_Taes_1x1_l_uc,2312,Nikon,1x,1,W6537,B,R11,Mid,3of4,Internal,Taes,l,uc
2313_W6537_B_R11_3of4_Taes_1x1_p_uc,2313,Nikon,1x,1,W6537,B,R11,Mid,3of4,Internal,Taes,p,uc
2314_W6537_B_R11_4of4_Taes_1x1_d_uc,2314,Nikon,1x,1,W6537,B,R11,Mid,4of4,External,Taes,d,uc
2315_W6537_B_R11_4of4_Taes_1x1_l_uc,2315,Nikon,1x,1,W6537,B,R11,Mid,4of4,External,Taes,l,uc
2316_W6537_B_R11_4of4_Taes_1x1_p_uc,2316,Nikon,1x,1,W6537,B,R11,Mid,4of4,External,Taes,p,uc
2317_W6537_B_R16_1of1_Taes_1x1_d_uc,2317,Nikon,1x,1,W6537,B,R16,Top,1of1,Solo,Taes,d,uc
2318_W6537_B_R16_1of1_Taes_1x1_l_uc,2318,Nikon,1x,1,W6537,B,R16,Top,1of1,Solo,Taes,l,uc
2319_W6537_B_R16_1of1_Taes_1x1_p_uc,2319,Nikon,1x,1,W6537,B,R16,Top,1of1,Solo,Taes,p,uc
2320_W6537_B_R17_1of1_Taes_1x1_d_uc,2320,Nikon,1x,1,W6537,B,R17,Top,1of1,Solo,Taes,d,uc
2321_W6537_B_R17_1of1_Taes_1x1_l_uc,2321,Nikon,1x,1,W6537,B,R17,Top,1of1,Solo,Taes,l,uc
2322_W6537_B_R17_1of1_Taes_1x1_p_uc,2322,Nikon,1x,1,W6537,B,R17,Top,1of1,Solo,Taes,p,uc
2323_W6537_B_R18_1of1_Taes_1x1_d_uc,2323,Nikon,1x,1,W6537,B,R18,Top,1of1,Solo,Taes,d,uc
2324_W6537_B_R18_1of1_Taes_1x1_l_uc,2324,Nikon,1x,1,W6537,B,R18,Top,1of1,Solo,Taes,l,uc
2325_W6537_B_R18_1of1_Taes_1x1_p_uc,2325,Nikon,1x,1,W6537,B,R18,Top,1of1,Solo,Taes,p,uc
2326_W6537_C_R1_1of3_Taes_1x1_d_uc,2326,Nikon,1x,1,W6537,C,R1,Base,1of3,External,Taes,d,uc
2327_W6537_C_R1_1of3_Taes_1x1_l_uc,2327,Nikon,1x,1,W6537,C,R1,Base,1of3,External,Taes,l,uc
2328_W6537_C_R1_1of3_Taes_1x1_p_uc,2328,Nikon,1x,1,W6537,C,R1,Base,1of3,External,Taes,p,uc
2329_W6537_C_R1_2of3_Taes_1x1_d_uc,2329,Nikon,1x,1,W6537,C,R1,Base,2of3,Internal,Taes,d,uc
2330_W6537_C_R1_2of3_Taes_1x1_l_uc,2330,Nikon,1x,1,W6537,C,R1,Base,2of3,Internal,Taes,l,uc
2331_W6537_C_R1_2of3_Taes_1x1_p_uc,2331,Nikon,1x,1,W6537,C,R1,Base,2of3,Internal,Taes,p,uc
2332_W6537_C_R1_3of3_Taes_1x1_d_uc,2332,Nikon,1x,1,W6537,C,R1,Base,3of3,External,Taes,d,uc
2333_W6537_C_R1_3of3_Taes_1x1_l_uc,2333,Nikon,1x,1,W6537,C,R1,Base,3of3,External,Taes,l,uc
2334_W6537_C_R1_3of3_Taes_1x1_p_uc,2334,Nikon,1x,1,W6537,C,R1,Base,3of3,External,Taes,p,uc
2335_W6537_C_R10_1of4_Taes_1x1_d_uc,2335,Nikon,1x,1,W6537,C,R10,Mid,1of4,External,Taes,d,uc
2336_W6537_C_R10_1of4_Taes_1x1_l_uc,2336,Nikon,1x,1,W6537,C,R10,Mid,1of4,External,Taes,l,uc
2337_W6537_C_R10_1of4_Taes_1x1_p_uc,2337,Nikon,1x,1,W6537,C,R10,Mid,1of4,External,Taes,p,uc
2338_W6537_C_R10_2of4_Taes_1x1_d_uc,2338,Nikon,1x,1,W6537,C,R10,Mid,2of4,Internal,Taes,d,uc
2339_W6537_C_R10_2of4_Taes_1x1_l_uc,2339,Nikon,1x,1,W6537,C,R10,Mid,2of4,Internal,Taes,l,uc
2340_W6537_C_R10_2of4_Taes_1x1_p_uc,2340,Nikon,1x,1,W6537,C,R10,Mid,2of4,Internal,Taes,p,uc
2341_W6537_C_R10_3of4_Taes_1x1_d_uc,2341,Nikon,1x,1,W6537,C,R10,Mid,3of4,Internal,Taes,d,uc
2342_W6537_C_R10_3of4_Taes_1x1_l_uc,2342,Nikon,1x,1,W6537,C,R10,Mid,3of4,Internal,Taes,l,uc
2343_W6537_C_R10_3of4_Taes_1x1_p_uc,2343,Nikon,1x,1,W6537,C,R10,Mid,3of4,Internal,Taes,p,uc
2344_W6537_C_R17_2of2_Taes_1x1_d_uc,2344,Nikon,1x,1,W6537,C,R17,Top,2of2,External,Taes,d,uc
2345_W6537_C_R17_2of2_Taes_1x1_l_uc,2345,Nikon,1x,1,W6537,C,R17,Top,2of2,External,Taes,l,uc
2346_W6537_C_R17_2of2_Taes_1x1_p_uc,2346,Nikon,1x,1,W6537,C,R17,Top,2of2,External,Taes,p,uc
2347_W6537_C_R18_1of2_Taes_1x1_d_uc,2347,Nikon,1x,1,W6537,C,R18,Top,1of2,External,Taes,d,uc
2348_W6537_C_R18_1of2_Taes_1x1_l_uc,2348,Nikon,1x,1,W6537,C,R18,Top,1of2,External,Taes,l,uc
2349_W6537_C_R18_1of2_Taes_1x1_p_uc,2349,Nikon,1x,1,W6537,C,R18,Top,1of2,External,Taes,p,uc
2350_W6537_C_R18_2of2_Taes_1x1_d_uc,2350,Nikon,1x,1,W6537,C,R18,Top,2of2,External,Taes,d,uc
2351_W6537_C_R18_2of2_Taes_1x1_l_uc,2351,Nikon,1x,1,W6537,C,R18,Top,2of2,External,Taes,l,uc
2352_W6537_C_R18_2of2_Taes_1x1_p_uc,2352,Nikon,1x,1,W6537,C,R18,Top,2of2,External,Taes,p,uc
2380_W1022_A_R1_1of4_Tturg_1x1_d_uc,2380,Nikon,1x,1,W1022,A,R1,Base,1of4,External,Tturg,d,uc
2381_W1022_A_R1_1of4_Tturg_1x1_l_uc,2381,Nikon,1x,1,W1022,A,R1,Base,1of4,External,Tturg,l,uc
2382_W1022_A_R1_1of4_Tturg_1x1_p_uc,2382,Nikon,1x,1,W1022,A,R1,Base,1of4,External,Tturg,p,uc
2383_W1022_A_R1_2of4_Tturg_1x1_d_uc,2383,Nikon,1x,1,W1022,A,R1,Base,2of4,Internal,Tturg,d,uc
2384_W1022_A_R1_2of4_Tturg_1x1_l_uc,2384,Nikon,1x,1,W1022,A,R1,Base,2of4,Internal,Tturg,l,uc
2385_W1022_A_R1_2of4_Tturg_1x1_p_uc,2385,Nikon,1x,1,W1022,A,R1,Base,2of4,Internal,Tturg,p,uc
2386_W1022_A_R1_3of4_Tturg_1x1_d_uc,2386,Nikon,1x,1,W1022,A,R1,Base,3of4,Internal,Tturg,d,uc
2387_W1022_A_R1_3of4_Tturg_1x1_l_uc,2387,Nikon,1x,1,W1022,A,R1,Base,3of4,Internal,Tturg,l,uc
2388_W1022_A_R1_3of4_Tturg_1x1_p_uc,2388,Nikon,1x,1,W1022,A,R1,Base,3of4,Internal,Tturg,p,uc
2389_W1022_A_R11_1of4_Tturg_1x1_d_uc,2389,Nikon,1x,1,W1022,A,R11,Mid,1of4,External,Tturg,d,uc
2390_W1022_A_R11_1of4_Tturg_1x1_l_uc,2390,Nikon,1x,1,W1022,A,R11,Mid,1of4,External,Tturg,l,uc
2391_W1022_A_R11_1of4_Tturg_1x1_p_uc,2391,Nikon,1x,1,W1022,A,R11,Mid,1of4,External,Tturg,p,uc
2392_W1022_A_R11_2of4_Tturg_1x1_d_uc,2392,Nikon,1x,1,W1022,A,R11,Mid,2of4,Internal,Tturg,d,uc
2393_W1022_A_R11_2of4_Tturg_1x1_l_uc,2393,Nikon,1x,1,W1022,A,R11,Mid,2of4,Internal,Tturg,l,uc
2394_W1022_A_R11_2of4_Tturg_1x1_p_uc,2394,Nikon,1x,1,W1022,A,R11,Mid,2of4,Internal,Tturg,p,uc
2395_W1022_A_R11_3of4_Tturg_1x1_d_uc,2395,Nikon,1x,1,W1022,A,R11,Mid,3of4,Internal,Tturg,d,uc
2396_W1022_A_R11_3of4_Tturg_1x1_l_uc,2396,Nikon,1x,1,W1022,A,R11,Mid,3of4,Internal,Tturg,l,uc
2397_W1022_A_R11_3of4_Tturg_1x1_p_uc,2397,Nikon,1x,1,W1022,A,R11,Mid,3of4,Internal,Tturg,p,uc
2398_W1022_A_R18_3of3_Tturg_1x1_d_uc,2398,Nikon,1x,1,W1022,A,R18,Top,3of3,External,Tturg,d,uc
2399_W1022_A_R18_3of3_Tturg_1x1_l_uc,2399,Nikon,1x,1,W1022,A,R18,Top,3of3,External,Tturg,l,uc
2400_W1022_A_R18_3of3_Tturg_1x1_p_uc,2400,Nikon,1x,1,W1022,A,R18,Top,3of3,External,Tturg,p,uc
2401_W1022_A_R19_1of2_Tturg_1x1_d_uc,2401,Nikon,1x,1,W1022,A,R19,Top,1of2,External,Tturg,d,uc
2402_W1022_A_R19_1of2_Tturg_1x1_l_uc,2402,Nikon,1x,1,W1022,A,R19,Top,1of2,External,Tturg,l,uc
2403_W1022_A_R19_1of2_Tturg_1x1_p_uc,2403,Nikon,1x,1,W1022,A,R19,Top,1of2,External,Tturg,p,uc
2404_W1022_A_R19_2of2_Tturg_1x1_d_uc,2404,Nikon,1x,1,W1022,A,R19,Top,2of2,External,Tturg,d,uc
2405_W1022_A_R19_2of2_Tturg_1x1_l_uc,2405,Nikon,1x,1,W1022,A,R19,Top,2of2,External,Tturg,l,uc
2406_W1022_A_R19_2of2_Tturg_1x1_p_uc,2406,Nikon,1x,1,W1022,A,R19,Top,2of2,External,Tturg,p,uc
2407_W1022_B_R1_2of4_Tturg_1x1_d_uc,2407,Nikon,1x,1,W1022,B,R1,Base,2of4,Internal,Tturg,d,uc
2408_W1022_B_R1_2of4_Tturg_1x1_l_uc,2408,Nikon,1x,1,W1022,B,R1,Base,2of4,Internal,Tturg,l,uc
2409_W1022_B_R1_2of4_Tturg_1x1_p_uc,2409,Nikon,1x,1,W1022,B,R1,Base,2of4,Internal,Tturg,p,uc
2410_W1022_B_R1_3of4_Tturg_1x1_d_uc,2410,Nikon,1x,1,W1022,B,R1,Base,3of4,Internal,Tturg,d,uc
2411_W1022_B_R1_3of4_Tturg_1x1_l_uc,2411,Nikon,1x,1,W1022,B,R1,Base,3of4,Internal,Tturg,l,uc
2412_W1022_B_R1_3of4_Tturg_1x1_p_uc,2412,Nikon,1x,1,W1022,B,R1,Base,3of4,Internal,Tturg,p,uc
2413_W1022_B_R1_4of4_Tturg_1x1_d_uc,2413,Nikon,1x,1,W1022,B,R1,Base,4of4,External,Tturg,d,uc
2414_W1022_B_R1_4of4_Tturg_1x1_l_uc,2414,Nikon,1x,1,W1022,B,R1,Base,4of4,External,Tturg,l,uc
2415_W1022_B_R1_4of4_Tturg_1x1_p_uc,2415,Nikon,1x,1,W1022,B,R1,Base,4of4,External,Tturg,p,uc
2416_W1022_B_R12_1of3_Tturg_1x1_d_uc,2416,Nikon,1x,1,W1022,B,R12,Mid,1of3,External,Tturg,d,uc
2417_W1022_B_R12_1of3_Tturg_1x1_l_uc,2417,Nikon,1x,1,W1022,B,R12,Mid,1of3,External,Tturg,l,uc
2418_W1022_B_R12_1of3_Tturg_1x1_p_uc,2418,Nikon,1x,1,W1022,B,R12,Mid,1of3,External,Tturg,p,uc
2419_W1022_B_R12_2of3_Tturg_1x1_d_uc,2419,Nikon,1x,1,W1022,B,R12,Mid,2of3,Internal,Tturg,d,uc
2420_W1022_B_R12_2of3_Tturg_1x1_l_uc,2420,Nikon,1x,1,W1022,B,R12,Mid,2of3,Internal,Tturg,l,uc
2421_W1022_B_R12_2of3_Tturg_1x1_p_uc,2421,Nikon,1x,1,W1022,B,R12,Mid,2of3,Internal,Tturg,p,uc
2422_W1022_B_R12_3of3_Tturg_1x1_d_uc,2422,Nikon,1x,1,W1022,B,R12,Mid,3of3,External,Tturg,d,uc
2423_W1022_B_R12_3of3_Tturg_1x1_l_uc,2423,Nikon,1x,1,W1022,B,R12,Mid,3of3,External,Tturg,l,uc
2424_W1022_B_R12_3of3_Tturg_1x1_p_uc,2424,Nikon,1x,1,W1022,B,R12,Mid,3of3,External,Tturg,p,uc
2425_W1022_B_R23_1of2_Tturg_1x1_d_uc,2425,Nikon,1x,1,W1022,B,R23,Top,1of2,External,Tturg,d,uc
2426_W1022_B_R23_1of2_Tturg_1x1_l_uc,2426,Nikon,1x,1,W1022,B,R23,Top,1of2,External,Tturg,l,uc
2427_W1022_B_R23_1of2_Tturg_1x1_p_uc,2427,Nikon,1x,1,W1022,B,R23,Top,1of2,External,Tturg,p,uc
2428_W1022_B_R24_1of2_Tturg_1x1_d_uc,2428,Nikon,1x,1,W1022,B,R24,Top,1of2,External,Tturg,d,uc
2429_W1022_B_R24_1of2_Tturg_1x1_l_uc,2429,Nikon,1x,1,W1022,B,R24,Top,1of2,External,Tturg,l,uc
2430_W1022_B_R24_1of2_Tturg_1x1_p_uc,2430,Nikon,1x,1,W1022,B,R24,Top,1of2,External,Tturg,p,uc
2431_W1022_B_R24_2of2_Tturg_1x1_d_uc,2431,Nikon,1x,1,W1022,B,R24,Top,2of2,External,Tturg,d,uc
2432_W1022_B_R24_2of2_Tturg_1x1_l_uc,2432,Nikon,1x,1,W1022,B,R24,Top,2of2,External,Tturg,l,uc
2433_W1022_B_R24_2of2_Tturg_1x1_p_uc,2433,Nikon,1x,1,W1022,B,R24,Top,2of2,External,Tturg,p,uc
2434_W1022_C_R1_2of3_Tturg_1x1_d_uc,2434,Nikon,1x,1,W1022,C,R1,Base,2of3,Internal,Tturg,d,uc
2435_W1022_C_R1_2of3_Tturg_1x1_l_uc,2435,Nikon,1x,1,W1022,C,R1,Base,2of3,Internal,Tturg,l,uc
2436_W1022_C_R1_2of3_Tturg_1x1_p_uc,2436,Nikon,1x,1,W1022,C,R1,Base,2of3,Internal,Tturg,p,uc
2437_W1022_C_R1_3of3_Tturg_1x1_d_uc,2437,Nikon,1x,1,W1022,C,R1,Base,3of3,External,Tturg,d,uc
2438_W1022_C_R1_3of3_Tturg_1x1_l_uc,2438,Nikon,1x,1,W1022,C,R1,Base,3of3,External,Tturg,l,uc
2439_W1022_C_R1_3of3_Tturg_1x1_p_uc,2439,Nikon,1x,1,W1022,C,R1,Base,3of3,External,Tturg,p,uc
2440_W1022_C_R2_1of4_Tturg_1x1_d_uc,2440,Nikon,1x,1,W1022,C,R2,Base,1of4,External,Tturg,d,uc
2441_W1022_C_R2_1of4_Tturg_1x1_l_uc,2441,Nikon,1x,1,W1022,C,R2,Base,1of4,External,Tturg,l,uc
2442_W1022_C_R2_1of4_Tturg_1x1_p_uc,2442,Nikon,1x,1,W1022,C,R2,Base,1of4,External,Tturg,p,uc
2443_W1022_C_R12_3of5_Tturg_1x1_d_uc,2443,Nikon,1x,1,W1022,C,R12,Mid,3of5,Internal,Tturg,d,uc
2444_W1022_C_R12_3of5_Tturg_1x1_l_uc,2444,Nikon,1x,1,W1022,C,R12,Mid,3of5,Internal,Tturg,l,uc
2445_W1022_C_R12_3of5_Tturg_1x1_p_uc,2445,Nikon,1x,1,W1022,C,R12,Mid,3of5,Internal,Tturg,p,uc
2446_W1022_C_R12_4of5_Tturg_1x1_d_uc,2446,Nikon,1x,1,W1022,C,R12,Mid,4of5,Internal,Tturg,d,uc
2447_W1022_C_R12_4of5_Tturg_1x1_l_uc,2447,Nikon,1x,1,W1022,C,R12,Mid,4of5,Internal,Tturg,l,uc
2448_W1022_C_R12_4of5_Tturg_1x1_p_uc,2448,Nikon,1x,1,W1022,C,R12,Mid,4of5,Internal,Tturg,p,uc
2449_W1022_C_R12_5of5_Tturg_1x1_d_uc,2449,Nikon,1x,1,W1022,C,R12,Mid,5of5,External,Tturg,d,uc
2450_W1022_C_R12_5of5_Tturg_1x1_l_uc,2450,Nikon,1x,1,W1022,C,R12,Mid,5of5,External,Tturg,l,uc
2451_W1022_C_R12_5of5_Tturg_1x1_p_uc,2451,Nikon,1x,1,W1022,C,R12,Mid,5of5,External,Tturg,p,uc
2452_W1022_C_R20_3of3_Tturg_1x1_d_uc,2452,Nikon,1x,1,W1022,C,R20,Top,3of3,External,Tturg,d,uc
2453_W1022_C_R20_3of3_Tturg_1x1_l_uc,2453,Nikon,1x,1,W1022,C,R20,Top,3of3,External,Tturg,l,uc
2454_W1022_C_R20_3of3_Tturg_1x1_p_uc,2454,Nikon,1x,1,W1022,C,R20,Top,3of3,External,Tturg,p,uc
2455_W1022_C_R21_1of1_Tturg_1x1_d_uc,2455,Nikon,1x,1,W1022,C,R21,Top,1of1,Solo,Tturg,d,uc
2456_W1022_C_R21_1of1_Tturg_1x1_l_uc,2456,Nikon,1x,1,W1022,C,R21,Top,1of1,Solo,Tturg,l,uc
2457_W1022_C_R21_1of1_Tturg_1x1_p_uc,2457,Nikon,1x,1,W1022,C,R21,Top,1of1,Solo,Tturg,p,uc
2458_W1022_C_R22_1of1_Tturg_1x1_d_uc,2458,Nikon,1x,1,W1022,C,R22,Top,1of1,Solo,Tturg,d,uc
2459_W1022_C_R22_1of1_Tturg_1x1_l_uc,2459,Nikon,1x,1,W1022,C,R22,Top,1of1,Solo,Tturg,l,uc
2460_W1022_C_R22_1of1_Tturg_1x1_p_uc,2460,Nikon,1x,1,W1022,C,R22,Top,1of1,Solo,Tturg,p,uc
3217_USDA350071_A_R2_1of2_Taes_1x1_d_uc,3217,Nikon,1x,1,USDA350071,A,R2,Base,1of2,External,Taes,d,uc
3218_USDA350071_A_R2_1of2_Taes_1x1_l_uc,3218,Nikon,1x,1,USDA350071,A,R2,Base,1of2,External,Taes,l,uc
3219_USDA350071_A_R2_1of2_Taes_1x1_p_uc,3219,Nikon,1x,1,USDA350071,A,R2,Base,1of2,External,Taes,p,uc
3220_USDA350071_A_R3_1of2_Taes_1x1_d_uc,3220,Nikon,1x,1,USDA350071,A,R3,Base,1of2,External,Taes,d,uc
3221_USDA350071_A_R3_1of2_Taes_1x1_l_uc,3221,Nikon,1x,1,USDA350071,A,R3,Base,1of2,External,Taes,l,uc
3222_USDA350071_A_R3_1of2_Taes_1x1_p_uc,3222,Nikon,1x,1,USDA350071,A,R3,Base,1of2,External,Taes,p,uc
3223_USDA350071_A_R3_2of2_Taes_1x1_d_uc,3223,Nikon,1x,1,USDA350071,A,R3,Base,2of2,External,Taes,d,uc
3224_USDA350071_A_R3_2of2_Taes_1x1_l_uc,3224,Nikon,1x,1,USDA350071,A,R3,Base,2of2,External,Taes,l,uc
3225_USDA350071_A_R3_2of2_Taes_1x1_p_uc,3225,Nikon,1x,1,USDA350071,A,R3,Base,2of2,External,Taes,p,uc
3226_USDA350071_A_R10_1of2_Taes_1x1_d_uc,3226,Nikon,1x,1,USDA350071,A,R10,Mid,1of2,External,Taes,d,uc
3227_USDA350071_A_R10_1of2_Taes_1x1_l_uc,3227,Nikon,1x,1,USDA350071,A,R10,Mid,1of2,External,Taes,l,uc
3228_USDA350071_A_R10_1of2_Taes_1x1_p_uc,3228,Nikon,1x,1,USDA350071,A,R10,Mid,1of2,External,Taes,p,uc
3229_USDA350071_A_R10_2of2_Taes_1x1_d_uc,3229,Nikon,1x,1,USDA350071,A,R10,Mid,2of2,External,Taes,d,uc
3230_USDA350071_A_R10_2of2_Taes_1x1_l_uc,3230,Nikon,1x,1,USDA350071,A,R10,Mid,2of2,External,Taes,l,uc
3231_USDA350071_A_R10_2of2_Taes_1x1_p_uc,3231,Nikon,1x,1,USDA350071,A,R10,Mid,2of2,External,Taes,p,uc
3232_USDA350071_A_R11_2of2_Taes_1x1_d_uc,3232,Nikon,1x,1,USDA350071,A,R11,Mid,2of2,External,Taes,d,uc
3233_USDA350071_A_R11_2of2_Taes_1x1_l_uc,3233,Nikon,1x,1,USDA350071,A,R11,Mid,2of2,External,Taes,l,uc
3234_USDA350071_A_R11_2of2_Taes_1x1_p_uc,3234,Nikon,1x,1,USDA350071,A,R11,Mid,2of2,External,Taes,p,uc
3235_USDA350071_A_R17_1of2_Taes_1x1_d_uc,3235,Nikon,1x,1,USDA350071,A,R17,Top,1of2,External,Taes,d,uc
3236_USDA350071_A_R17_1of2_Taes_1x1_l_uc,3236,Nikon,1x,1,USDA350071,A,R17,Top,1of2,External,Taes,l,uc
3237_USDA350071_A_R17_1of2_Taes_1x1_p_uc,3237,Nikon,1x,1,USDA350071,A,R17,Top,1of2,External,Taes,p,uc
3238_USDA350071_A_R17_2of2_Taes_1x1_d_uc,3238,Nikon,1x,1,USDA350071,A,R17,Top,2of2,External,Taes,d,uc
3239_USDA350071_A_R17_2of2_Taes_1x1_l_uc,3239,Nikon,1x,1,USDA350071,A,R17,Top,2of2,External,Taes,l,uc
3240_USDA350071_A_R17_2of2_Taes_1x1_p_uc,3240,Nikon,1x,1,USDA350071,A,R17,Top,2of2,External,Taes,p,uc
3241_USDA350071_A_R18_1of1_Taes_1x1_d_uc,3241,Nikon,1x,1,USDA350071,A,R18,Top,1of1,Solo,Taes,d,uc
3242_USDA350071_A_R18_1of1_Taes_1x1_l_uc,3242,Nikon,1x,1,USDA350071,A,R18,Top,1of1,Solo,Taes,l,uc
3243_USDA350071_A_R18_1of1_Taes_1x1_p_uc,3243,Nikon,1x,1,USDA350071,A,R18,Top,1of1,Solo,Taes,p,uc
3244_USDA350071_B_R1_1of2_Taes_1x1_d_uc,3244,Nikon,1x,1,USDA350071,B,R1,Base,1of2,External,Taes,d,uc
3245_USDA350071_B_R1_1of2_Taes_1x1_l_uc,3245,Nikon,1x,1,USDA350071,B,R1,Base,1of2,External,Taes,l,uc
3246_USDA350071_B_R1_1of2_Taes_1x1_p_uc,3246,Nikon,1x,1,USDA350071,B,R1,Base,1of2,External,Taes,p,uc
3247_USDA350071_B_R1_2of2_Taes_1x1_d_uc,3247,Nikon,1x,1,USDA350071,B,R1,Base,2of2,External,Taes,d,uc
3248_USDA350071_B_R1_2of2_Taes_1x1_l_uc,3248,Nikon,1x,1,USDA350071,B,R1,Base,2of2,External,Taes,l,uc
3249_USDA350071_B_R1_2of2_Taes_1x1_p_uc,3249,Nikon,1x,1,USDA350071,B,R1,Base,2of2,External,Taes,p,uc
3250_USDA350071_B_R2_1of2_Taes_1x1_d_uc,3250,Nikon,1x,1,USDA350071,B,R2,Base,1of2,External,Taes,d,uc
3251_USDA350071_B_R2_1of2_Taes_1x1_l_uc,3251,Nikon,1x,1,USDA350071,B,R2,Base,1of2,External,Taes,l,uc
3252_USDA350071_B_R2_1of2_Taes_1x1_p_uc,3252,Nikon,1x,1,USDA350071,B,R2,Base,1of2,External,Taes,p,uc
3253_USDA350071_B_R9_1of2_Taes_1x1_d_uc,3253,Nikon,1x,1,USDA350071,B,R9,Mid,1of2,External,Taes,d,uc
3254_USDA350071_B_R9_1of2_Taes_1x1_l_uc,3254,Nikon,1x,1,USDA350071,B,R9,Mid,1of2,External,Taes,l,uc
3255_USDA350071_B_R9_1of2_Taes_1x1_p_uc,3255,Nikon,1x,1,USDA350071,B,R9,Mid,1of2,External,Taes,p,uc
3256_USDA350071_B_R10_1of2_Taes_1x1_d_uc,3256,Nikon,1x,1,USDA350071,B,R10,Mid,1of2,External,Taes,d,uc
3257_USDA350071_B_R10_1of2_Taes_1x1_l_uc,3257,Nikon,1x,1,USDA350071,B,R10,Mid,1of2,External,Taes,l,uc
3258_USDA350071_B_R10_1of2_Taes_1x1_p_uc,3258,Nikon,1x,1,USDA350071,B,R10,Mid,1of2,External,Taes,p,uc
3259_USDA350071_B_R11_2of2_Taes_1x1_d_uc,3259,Nikon,1x,1,USDA350071,B,R11,Mid,2of2,External,Taes,d,uc
3260_USDA350071_B_R11_2of2_Taes_1x1_l_uc,3260,Nikon,1x,1,USDA350071,B,R11,Mid,2of2,External,Taes,l,uc
3261_USDA350071_B_R11_2of2_Taes_1x1_p_uc,3261,Nikon,1x,1,USDA350071,B,R11,Mid,2of2,External,Taes,p,uc
3262_USDA350071_B_R16_1of1_Taes_1x1_d_uc,3262,Nikon,1x,1,USDA350071,B,R16,Top,1of1,Solo,Taes,d,uc
3263_USDA350071_B_R16_1of1_Taes_1x1_l_uc,3263,Nikon,1x,1,USDA350071,B,R16,Top,1of1,Solo,Taes,l,uc
3264_USDA350071_B_R16_1of1_Taes_1x1_p_uc,3264,Nikon,1x,1,USDA350071,B,R16,Top,1of1,Solo,Taes,p,uc
3265_USDA350071_B_R17_1of1_Taes_1x1_d_uc,3265,Nikon,1x,1,USDA350071,B,R17,Top,1of1,Solo,Taes,d,uc
3266_USDA350071_B_R17_1of1_Taes_1x1_l_uc,3266,Nikon,1x,1,USDA350071,B,R17,Top,1of1,Solo,Taes,l,uc
3267_USDA350071_B_R17_1of1_Taes_1x1_p_uc,3267,Nikon,1x,1,USDA350071,B,R17,Top,1of1,Solo,Taes,p,uc
3268_USDA350071_B_R19_1of1_Taes_1x1_d_uc,3268,Nikon,1x,1,USDA350071,B,R19,Top,1of1,Solo,Taes,d,uc
3269_USDA350071_B_R19_1of1_Taes_1x1_l_uc,3269,Nikon,1x,1,USDA350071,B,R19,Top,1of1,Solo,Taes,l,uc
3270_USDA350071_B_R19_1of1_Taes_1x1_p_uc,3270,Nikon,1x,1,USDA350071,B,R19,Top,1of1,Solo,Taes,p,uc
3271_USDA350071_C_R1_1of1_Taes_1x1_d_uc,3271,Nikon,1x,1,USDA350071,C,R1,Base,1of1,Solo,Taes,d,uc
3272_USDA350071_C_R1_1of1_Taes_1x1_l_uc,3272,Nikon,1x,1,USDA350071,C,R1,Base,1of1,Solo,Taes,l,uc
3273_USDA350071_C_R1_1of1_Taes_1x1_p_uc,3273,Nikon,1x,1,USDA350071,C,R1,Base,1of1,Solo,Taes,p,uc
3274_USDA350071_C_R2_1of2_Taes_1x1_d_uc,3274,Nikon,1x,1,USDA350071,C,R2,Base,1of2,External,Taes,d,uc
3275_USDA350071_C_R2_1of2_Taes_1x1_l_uc,3275,Nikon,1x,1,USDA350071,C,R2,Base,1of2,External,Taes,l,uc
3276_USDA350071_C_R2_1of2_Taes_1x1_p_uc,3276,Nikon,1x,1,USDA350071,C,R2,Base,1of2,External,Taes,p,uc
3277_USDA350071_C_R2_2of2_Taes_1x1_d_uc,3277,Nikon,1x,1,USDA350071,C,R2,Base,2of2,External,Taes,d,uc
3278_USDA350071_C_R2_2of2_Taes_1x1_l_uc,3278,Nikon,1x,1,USDA350071,C,R2,Base,2of2,External,Taes,l,uc
3279_USDA350071_C_R2_2of2_Taes_1x1_p_uc,3279,Nikon,1x,1,USDA350071,C,R2,Base,2of2,External,Taes,p,uc
3280_W0508_A_R1_1of2_Tturg_1x1_d_uc,3280,Nikon,1x,1,W0508,A,R1,Base,1of2,External,Tturg,d,uc
3281_W0508_A_R1_1of2_Tturg_1x1_l_uc,3281,Nikon,1x,1,W0508,A,R1,Base,1of2,External,Tturg,l,uc
3282_W0508_A_R1_1of2_Tturg_1x1_p_uc,3282,Nikon,1x,1,W0508,A,R1,Base,1of2,External,Tturg,p,uc
3283_W0508_A_R1_2of2_Tturg_1x1_d_uc,3283,Nikon,1x,1,W0508,A,R1,Base,2of2,External,Tturg,d,uc
3284_W0508_A_R1_2of2_Tturg_1x1_l_uc,3284,Nikon,1x,1,W0508,A,R1,Base,2of2,External,Tturg,l,uc
3285_W0508_A_R1_2of2_Tturg_1x1_p_uc,3285,Nikon,1x,1,W0508,A,R1,Base,2of2,External,Tturg,p,uc
3286_W0508_A_R2_1of2_Tturg_1x1_d_uc,3286,Nikon,1x,1,W0508,A,R2,Base,1of2,External,Tturg,d,uc
3287_W0508_A_R2_1of2_Tturg_1x1_l_uc,3287,Nikon,1x,1,W0508,A,R2,Base,1of2,External,Tturg,l,uc
3288_W0508_A_R2_1of2_Tturg_1x1_p_uc,3288,Nikon,1x,1,W0508,A,R2,Base,1of2,External,Tturg,p,uc
3289_W0508_A_R12_1of3_Tturg_1x1_d_uc,3289,Nikon,1x,1,W0508,A,R12,Mid,1of3,External,Tturg,d,uc
3290_W0508_A_R12_1of3_Tturg_1x1_l_uc,3290,Nikon,1x,1,W0508,A,R12,Mid,1of3,External,Tturg,l,uc
3291_W0508_A_R12_1of3_Tturg_1x1_p_uc,3291,Nikon,1x,1,W0508,A,R12,Mid,1of3,External,Tturg,p,uc
3292_W0508_A_R12_2of3_Tturg_1x1_d_uc,3292,Nikon,1x,1,W0508,A,R12,Mid,2of3,Internal,Tturg,d,uc
3293_W0508_A_R12_2of3_Tturg_1x1_l_uc,3293,Nikon,1x,1,W0508,A,R12,Mid,2of3,Internal,Tturg,l,uc
3294_W0508_A_R12_2of3_Tturg_1x1_p_uc,3294,Nikon,1x,1,W0508,A,R12,Mid,2of3,Internal,Tturg,p,uc
3295_W0508_A_R12_3of3_Tturg_1x1_d_uc,3295,Nikon,1x,1,W0508,A,R12,Mid,3of3,External,Tturg,d,uc
3296_W0508_A_R12_3of3_Tturg_1x1_l_uc,3296,Nikon,1x,1,W0508,A,R12,Mid,3of3,External,Tturg,l,uc
3297_W0508_A_R12_3of3_Tturg_1x1_p_uc,3297,Nikon,1x,1,W0508,A,R12,Mid,3of3,External,Tturg,p,uc
3298_W0508_A_R23_1of2_Tturg_1x1_d_uc,3298,Nikon,1x,1,W0508,A,R23,Top,1of2,External,Tturg,d,uc
3299_W0508_A_R23_1of2_Tturg_1x1_l_uc,3299,Nikon,1x,1,W0508,A,R23,Top,1of2,External,Tturg,l,uc
3300_W0508_A_R23_1of2_Tturg_1x1_p_uc,3300,Nikon,1x,1,W0508,A,R23,Top,1of2,External,Tturg,p,uc
3301_W0508_A_R24_1of2_Tturg_1x1_d_uc,3301,Nikon,1x,1,W0508,A,R24,Top,1of2,External,Tturg,d,uc
3302_W0508_A_R24_1of2_Tturg_1x1_l_uc,3302,Nikon,1x,1,W0508,A,R24,Top,1of2,External,Tturg,l,uc
3303_W0508_A_R24_1of2_Tturg_1x1_p_uc,3303,Nikon,1x,1,W0508,A,R24,Top,1of2,External,Tturg,p,uc
3304_W0508_A_R24_2of2_Tturg_1x1_d_uc,3304,Nikon,1x,1,W0508,A,R24,Top,2of2,External,Tturg,d,uc
3305_W0508_A_R24_2of2_Tturg_1x1_l_uc,3305,Nikon,1x,1,W0508,A,R24,Top,2of2,External,Tturg,l,uc
3306_W0508_A_R24_2of2_Tturg_1x1_p_uc,3306,Nikon,1x,1,W0508,A,R24,Top,2of2,External,Tturg,p,uc
3307_W0508_B_R1_1of3_Tturg_1x1_d_uc,3307,Nikon,1x,1,W0508,B,R1,Base,1of3,External,Tturg,d,uc
3308_W0508_B_R1_1of3_Tturg_1x1_l_uc,3308,Nikon,1x,1,W0508,B,R1,Base,1of3,External,Tturg,l,uc
3309_W0508_B_R1_1of3_Tturg_1x1_p_uc,3309,Nikon,1x,1,W0508,B,R1,Base,1of3,External,Tturg,p,uc
3310_W0508_B_R1_2of3_Tturg_1x1_d_uc,3310,Nikon,1x,1,W0508,B,R1,Base,2of3,Internal,Tturg,d,uc
3311_W0508_B_R1_2of3_Tturg_1x1_l_uc,3311,Nikon,1x,1,W0508,B,R1,Base,2of3,Internal,Tturg,l,uc
3312_W0508_B_R1_2of3_Tturg_1x1_p_uc,3312,Nikon,1x,1,W0508,B,R1,Base,2of3,Internal,Tturg,p,uc
3313_W0508_B_R1_3of3_Tturg_1x1_d_uc,3313,Nikon,1x,1,W0508,B,R1,Base,3of3,External,Tturg,d,uc
3314_W0508_B_R1_3of3_Tturg_1x1_l_uc,3314,Nikon,1x,1,W0508,B,R1,Base,3of3,External,Tturg,l,uc
3315_W0508_B_R1_3of3_Tturg_1x1_p_uc,3315,Nikon,1x,1,W0508,B,R1,Base,3of3,External,Tturg,p,uc
3316_W0508_B_R12_1of3_Tturg_1x1_d_uc,3316,Nikon,1x,1,W0508,B,R12,Mid,1of3,External,Tturg,d,uc
3317_W0508_B_R12_1of3_Tturg_1x1_l_uc,3317,Nikon,1x,1,W0508,B,R12,Mid,1of3,External,Tturg,l,uc
3318_W0508_B_R12_1of3_Tturg_1x1_p_uc,3318,Nikon,1x,1,W0508,B,R12,Mid,1of3,External,Tturg,p,uc
3319_W0508_B_R12_2of3_Tturg_1x1_d_uc,3319,Nikon,1x,1,W0508,B,R12,Mid,2of3,Internal,Tturg,d,uc
3320_W0508_B_R12_2of3_Tturg_1x1_l_uc,3320,Nikon,1x,1,W0508,B,R12,Mid,2of3,Internal,Tturg,l,uc
3321_W0508_B_R12_2of3_Tturg_1x1_p_uc,3321,Nikon,1x,1,W0508,B,R12,Mid,2of3,Internal,Tturg,p,uc
3322_W0508_B_R12_3of3_Tturg_1x1_d_uc,3322,Nikon,1x,1,W0508,B,R12,Mid,3of3,External,Tturg,d,uc
3323_W0508_B_R12_3of3_Tturg_1x1_l_uc,3323,Nikon,1x,1,W0508,B,R12,Mid,3of3,External,Tturg,l,uc
3324_W0508_B_R12_3of3_Tturg_1x1_p_uc,3324,Nikon,1x,1,W0508,B,R12,Mid,3of3,External,Tturg,p,uc
3325_W0508_B_R22_1of2_Tturg_1x1_d_uc,3325,Nikon,1x,1,W0508,B,R22,Top,1of2,External,Tturg,d,uc
3326_W0508_B_R22_1of2_Tturg_1x1_l_uc,3326,Nikon,1x,1,W0508,B,R22,Top,1of2,External,Tturg,l,uc
3327_W0508_B_R22_1of2_Tturg_1x1_p_uc,3327,Nikon,1x,1,W0508,B,R22,Top,1of2,External,Tturg,p,uc
3328_W0508_B_R22_2of2_Tturg_1x1_d_uc,3328,Nikon,1x,1,W0508,B,R22,Top,2of2,External,Tturg,d,uc
3329_W0508_B_R22_2of2_Tturg_1x1_l_uc,3329,Nikon,1x,1,W0508,B,R22,Top,2of2,External,Tturg,l,uc
3330_W0508_B_R22_2of2_Tturg_1x1_p_uc,3330,Nikon,1x,1,W0508,B,R22,Top,2of2,External,Tturg,p,uc
3331_W0508_B_R23_1of1_Tturg_1x1_d_uc,3331,Nikon,1x,1,W0508,B,R23,Top,1of1,Solo,Tturg,d,uc
3332_W0508_B_R23_1of1_Tturg_1x1_l_uc,3332,Nikon,1x,1,W0508,B,R23,Top,1of1,Solo,Tturg,l,uc
3333_W0508_B_R23_1of1_Tturg_1x1_p_uc,3333,Nikon,1x,1,W0508,B,R23,Top,1of1,Solo,Tturg,p,uc
3334_W0508_C_R1_1of3_Tturg_1x1_d_uc,3334,Nikon,1x,1,W0508,C,R1,Base,1of3,External,Tturg,d,uc
3335_W0508_C_R1_1of3_Tturg_1x1_l_uc,3335,Nikon,1x,1,W0508,C,R1,Base,1of3,External,Tturg,l,uc
3336_W0508_C_R1_1of3_Tturg_1x1_p_uc,3336,Nikon,1x,1,W0508,C,R1,Base,1of3,External,Tturg,p,uc
3337_W0508_C_R1_2of3_Tturg_1x1_d_uc,3337,Nikon,1x,1,W0508,C,R1,Base,2of3,Internal,Tturg,d,uc
3338_W0508_C_R1_2of3_Tturg_1x1_l_uc,3338,Nikon,1x,1,W0508,C,R1,Base,2of3,Internal,Tturg,l,uc
3339_W0508_C_R1_2of3_Tturg_1x1_p_uc,3339,Nikon,1x,1,W0508,C,R1,Base,2of3,Internal,Tturg,p,uc
3340_W0508_C_R1_3of3_Tturg_1x1_d_uc,3340,Nikon,1x,1,W0508,C,R1,Base,3of3,External,Tturg,d,uc
3341_W0508_C_R1_3of3_Tturg_1x1_l_uc,3341,Nikon,1x,1,W0508,C,R1,Base,3of3,External,Tturg,l,uc
3342_W0508_C_R1_3of3_Tturg_1x1_p_uc,3342,Nikon,1x,1,W0508,C,R1,Base,3of3,External,Tturg,p,uc
3343_W0508_C_R14_1of3_Tturg_1x1_d_uc,3343,Nikon,1x,1,W0508,C,R14,Mid,1of3,External,Tturg,d,uc
3344_W0508_C_R14_1of3_Tturg_1x1_l_uc,3344,Nikon,1x,1,W0508,C,R14,Mid,1of3,External,Tturg,l,uc
3345_W0508_C_R14_1of3_Tturg_1x1_p_uc,3345,Nikon,1x,1,W0508,C,R14,Mid,1of3,External,Tturg,p,uc
3346_W0508_C_R14_2of3_Tturg_1x1_d_uc,3346,Nikon,1x,1,W0508,C,R14,Mid,2of3,Internal,Tturg,d,uc
3347_W0508_C_R14_2of3_Tturg_1x1_l_uc,3347,Nikon,1x,1,W0508,C,R14,Mid,2of3,Internal,Tturg,l,uc
3348_W0508_C_R14_2of3_Tturg_1x1_p_uc,3348,Nikon,1x,1,W0508,C,R14,Mid,2of3,Internal,Tturg,p,uc
3349_W0508_C_R14_3of3_Tturg_1x1_d_uc,3349,Nikon,1x,1,W0508,C,R14,Mid,3of3,External,Tturg,d,uc
3350_W0508_C_R14_3of3_Tturg_1x1_l_uc,3350,Nikon,1x,1,W0508,C,R14,Mid,3of3,External,Tturg,l,uc
3351_W0508_C_R14_3of3_Tturg_1x1_p_uc,3351,Nikon,1x,1,W0508,C,R14,Mid,3of3,External,Tturg,p,uc
3352_W0508_C_R26_1of2_Tturg_1x1_d_uc,3352,Nikon,1x,1,W0508,C,R26,Top,1of2,External,Tturg,d,uc
3353_W0508_C_R26_1of2_Tturg_1x1_l_uc,3353,Nikon,1x,1,W0508,C,R26,Top,1of2,External,Tturg,l,uc
3354_W0508_C_R26_1of2_Tturg_1x1_p_uc,3354,Nikon,1x,1,W0508,C,R26,Top,1of2,External,Tturg,p,uc
3355_W0508_C_R26_2of2_Tturg_1x1_d_uc,3355,Nikon,1x,1,W0508,C,R26,Top,2of2,External,Tturg,d,uc
3356_W0508_C_R26_2of2_Tturg_1x1_l_uc,3356,Nikon,1x,1,W0508,C,R26,Top,2of2,External,Tturg,l,uc
3357_W0508_C_R26_2of2_Tturg_1x1_p_uc,3357,Nikon,1x,1,W0508,C,R26,Top,2of2,External,Tturg,p,uc
3358_W0508_C_R27_1of2_Tturg_1x1_d_uc,3358,Nikon,1x,1,W0508,C,R27,Top,1of2,External,Tturg,d,uc
3359_W0508_C_R27_1of2_Tturg_1x1_l_uc,3359,Nikon,1x,1,W0508,C,R27,Top,1of2,External,Tturg,l,uc
3360_W0508_C_R27_1of2_Tturg_1x1_p_uc,3360,Nikon,1x,1,W0508,C,R27,Top,1of2,External,Tturg,p,uc
3415_W8612_A_R2_2of5_Tdur_1x1_d_uc,3415,Nikon,1x,1,W8612,A,R2,Base,2of5,Internal,Tdur,d,uc
3416_W8612_A_R2_2of5_Tdur_1x1_l_uc,3416,Nikon,1x,1,W8612,A,R2,Base,2of5,Internal,Tdur,l,uc
3417_W8612_A_R2_2of5_Tdur_1x1_p_uc,3417,Nikon,1x,1,W8612,A,R2,Base,2of5,Internal,Tdur,p,uc
3418_W8612_A_R2_3of5_Tdur_1x1_d_uc,3418,Nikon,1x,1,W8612,A,R2,Base,3of5,Internal,Tdur,d,uc
3419_W8612_A_R2_3of5_Tdur_1x1_l_uc,3419,Nikon,1x,1,W8612,A,R2,Base,3of5,Internal,Tdur,l,uc
3420_W8612_A_R2_3of5_Tdur_1x1_p_uc,3420,Nikon,1x,1,W8612,A,R2,Base,3of5,Internal,Tdur,p,uc
3421_W8612_A_R2_5of5_Tdur_1x1_d_uc,3421,Nikon,1x,1,W8612,A,R2,Base,5of5,External,Tdur,d,uc
3422_W8612_A_R2_5of5_Tdur_1x1_l_uc,3422,Nikon,1x,1,W8612,A,R2,Base,5of5,External,Tdur,l,uc
3423_W8612_A_R2_5of5_Tdur_1x1_p_uc,3423,Nikon,1x,1,W8612,A,R2,Base,5of5,External,Tdur,p,uc
3424_W8612_A_R12_1of3_Tdur_1x1_d_uc,3424,Nikon,1x,1,W8612,A,R12,Mid,1of3,External,Tdur,d,uc
3425_W8612_A_R12_1of3_Tdur_1x1_l_uc,3425,Nikon,1x,1,W8612,A,R12,Mid,1of3,External,Tdur,l,uc
3426_W8612_A_R12_1of3_Tdur_1x1_p_uc,3426,Nikon,1x,1,W8612,A,R12,Mid,1of3,External,Tdur,p,uc
3427_W8612_A_R12_2of3_Tdur_1x1_d_uc,3427,Nikon,1x,1,W8612,A,R12,Mid,2of3,Internal,Tdur,d,uc
3428_W8612_A_R12_2of3_Tdur_1x1_l_uc,3428,Nikon,1x,1,W8612,A,R12,Mid,2of3,Internal,Tdur,l,uc
3429_W8612_A_R12_2of3_Tdur_1x1_p_uc,3429,Nikon,1x,1,W8612,A,R12,Mid,2of3,Internal,Tdur,p,uc
3430_W8612_A_R12_3of3_Tdur_1x1_d_uc,3430,Nikon,1x,1,W8612,A,R12,Mid,3of3,External,Tdur,d,uc
3431_W8612_A_R12_3of3_Tdur_1x1_l_uc,3431,Nikon,1x,1,W8612,A,R12,Mid,3of3,External,Tdur,l,uc
3432_W8612_A_R12_3of3_Tdur_1x1_p_uc,3432,Nikon,1x,1,W8612,A,R12,Mid,3of3,External,Tdur,p,uc
3433_W8612_A_R19_External_Tdur_1x1_d_uc,3433,Nikon,1x,1,W8612,A,R19,Top,1of2,External,Tdur,d,uc
3434_W8612_A_R19_External_Tdur_1x1_l_uc,3434,Nikon,1x,1,W8612,A,R19,Top,1of2,External,Tdur,l,uc
3435_W8612_A_R19_External_Tdur_1x1_p_uc,3435,Nikon,1x,1,W8612,A,R19,Top,1of2,External,Tdur,p,uc
3436_W8612_A_R20_1of2_Tdur_1x1_d_uc,3436,Nikon,1x,1,W8612,A,R20,Top,1of2,External,Tdur,d,uc
3437_W8612_A_R20_1of2_Tdur_1x1_l_uc,3437,Nikon,1x,1,W8612,A,R20,Top,1of2,External,Tdur,l,uc
3438_W8612_A_R20_1of2_Tdur_1x1_p_uc,3438,Nikon,1x,1,W8612,A,R20,Top,1of2,External,Tdur,p,uc
3439_W8612_A_R20_2of2_Tdur_1x1_d_uc,3439,Nikon,1x,1,W8612,A,R20,Top,2of2,External,Tdur,d,uc
3440_W8612_A_R20_2of2_Tdur_1x1_l_uc,3440,Nikon,1x,1,W8612,A,R20,Top,2of2,External,Tdur,l,uc
3441_W8612_A_R20_2of2_Tdur_1x1_p_uc,3441,Nikon,1x,1,W8612,A,R20,Top,2of2,External,Tdur,p,uc
3442_W8612_B_R1_1of3_Tdur_1x1_d_uc,3442,Nikon,1x,1,W8612,B,R1,Base,1of3,External,Tdur,d,uc
3443_W8612_B_R1_1of3_Tdur_1x1_l_uc,3443,Nikon,1x,1,W8612,B,R1,Base,1of3,External,Tdur,l,uc
3444_W8612_B_R1_1of3_Tdur_1x1_p_uc,3444,Nikon,1x,1,W8612,B,R1,Base,1of3,External,Tdur,p,uc
3445_W8612_B_R1_2of3_Tdur_1x1_d_uc,3445,Nikon,1x,1,W8612,B,R1,Base,2of3,Internal,Tdur,d,uc
3446_W8612_B_R1_2of3_Tdur_1x1_l_uc,3446,Nikon,1x,1,W8612,B,R1,Base,2of3,Internal,Tdur,l,uc
3447_W8612_B_R1_2of3_Tdur_1x1_p_uc,3447,Nikon,1x,1,W8612,B,R1,Base,2of3,Internal,Tdur,p,uc
3448_W8612_B_R1_3of3_Tdur_1x1_d_uc,3448,Nikon,1x,1,W8612,B,R1,Base,3of3,External,Tdur,d,uc
3449_W8612_B_R1_3of3_Tdur_1x1_l_uc,3449,Nikon,1x,1,W8612,B,R1,Base,3of3,External,Tdur,l,uc
3450_W8612_B_R1_3of3_Tdur_1x1_p_uc,3450,Nikon,1x,1,W8612,B,R1,Base,3of3,External,Tdur,p,uc
3451_W8612_B_R6_2of5_Tdur_1x1_d_uc,3451,Nikon,1x,1,W8612,B,R6,Mid,2of5,Internal,Tdur,d,uc
3452_W8612_B_R6_2of5_Tdur_1x1_l_uc,3452,Nikon,1x,1,W8612,B,R6,Mid,2of5,Internal,Tdur,l,uc
3453_W8612_B_R6_2of5_Tdur_1x1_p_uc,3453,Nikon,1x,1,W8612,B,R6,Mid,2of5,Internal,Tdur,p,uc
3454_W8612_B_R6_3of5_Tdur_1x1_d_uc,3454,Nikon,1x,1,W8612,B,R6,Mid,3of5,Internal,Tdur,d,uc
3455_W8612_B_R6_3of5_Tdur_1x1_l_uc,3455,Nikon,1x,1,W8612,B,R6,Mid,3of5,Internal,Tdur,l,uc
3456_W8612_B_R6_3of5_Tdur_1x1_p_uc,3456,Nikon,1x,1,W8612,B,R6,Mid,3of5,Internal,Tdur,p,uc
3457_W8612_B_R6_5of5_Tdur_1x1_d_uc,3457,Nikon,1x,1,W8612,B,R6,Mid,5of5,External,Tdur,d,uc
3458_W8612_B_R6_5of5_Tdur_1x1_l_uc,3458,Nikon,1x,1,W8612,B,R6,Mid,5of5,External,Tdur,l,uc
3459_W8612_B_R6_5of5_Tdur_1x1_p_uc,3459,Nikon,1x,1,W8612,B,R6,Mid,5of5,External,Tdur,p,uc
3460_W8612_B_R12_1of3_Tdur_1x1_d_uc,3460,Nikon,1x,1,W8612,B,R12,Top,1of3,External,Tdur,d,uc
3461_W8612_B_R12_1of3_Tdur_1x1_l_uc,3461,Nikon,1x,1,W8612,B,R12,Top,1of3,External,Tdur,l,uc
3462_W8612_B_R12_1of3_Tdur_1x1_p_uc,3462,Nikon,1x,1,W8612,B,R12,Top,1of3,External,Tdur,p,uc
3463_W8612_B_R12_2of3_Tdur_1x1_d_uc,3463,Nikon,1x,1,W8612,B,R12,Top,2of3,Internal,Tdur,d,uc
3464_W8612_B_R12_2of3_Tdur_1x1_l_uc,3464,Nikon,1x,1,W8612,B,R12,Top,2of3,Internal,Tdur,l,uc
3465_W8612_B_R12_2of3_Tdur_1x1_p_uc,3465,Nikon,1x,1,W8612,B,R12,Top,2of3,Internal,Tdur,p,uc
3466_W8612_B_R12_3of3_Tdur_1x1_d_uc,3466,Nikon,1x,1,W8612,B,R12,Top,3of3,External,Tdur,d,uc
3467_W8612_B_R12_3of3_Tdur_1x1_l_uc,3467,Nikon,1x,1,W8612,B,R12,Top,3of3,External,Tdur,l,uc
3468_W8612_B_R12_3of3_Tdur_1x1_p_uc,3468,Nikon,1x,1,W8612,B,R12,Top,3of3,External,Tdur,p,uc
3469_W8612_C_R2_1of4_Tdur_1x1_d_uc,3469,Nikon,1x,1,W8612,C,R2,Base,1of4,External,Tdur,d,uc
3470_W8612_C_R2_1of4_Tdur_1x1_l_uc,3470,Nikon,1x,1,W8612,C,R2,Base,1of4,External,Tdur,l,uc
3471_W8612_C_R2_1of4_Tdur_1x1_p_uc,3471,Nikon,1x,1,W8612,C,R2,Base,1of4,External,Tdur,p,uc
3472_W8612_C_R2_2of4_Tdur_1x1_d_uc,3472,Nikon,1x,1,W8612,C,R2,Base,2of4,Internal,Tdur,d,uc
3473_W8612_C_R2_2of4_Tdur_1x1_l_uc,3473,Nikon,1x,1,W8612,C,R2,Base,2of4,Internal,Tdur,l,uc
3474_W8612_C_R2_2of4_Tdur_1x1_p_uc,3474,Nikon,1x,1,W8612,C,R2,Base,2of4,Internal,Tdur,p,uc
3475_W8612_C_R2_3of4_Tdur_1x1_d_uc,3475,Nikon,1x,1,W8612,C,R2,Base,3of4,Internal,Tdur,d,uc
3476_W8612_C_R2_3of4_Tdur_1x1_l_uc,3476,Nikon,1x,1,W8612,C,R2,Base,3of4,Internal,Tdur,l,uc
3477_W8612_C_R2_3of4_Tdur_1x1_p_uc,3477,Nikon,1x,1,W8612,C,R2,Base,3of4,Internal,Tdur,p,uc
3478_W8612_C_R11_2of4_Tdur_1x1_d_uc,3478,Nikon,1x,1,W8612,C,R11,Mid,2of4,Internal,Tdur,d,uc
3479_W8612_C_R11_2of4_Tdur_1x1_l_uc,3479,Nikon,1x,1,W8612,C,R11,Mid,2of4,Internal,Tdur,l,uc
3480_W8612_C_R11_2of4_Tdur_1x1_p_uc,3480,Nikon,1x,1,W8612,C,R11,Mid,2of4,Internal,Tdur,p,uc
3481_W8612_C_R11_3of4_Tdur_1x1_d_uc,3481,Nikon,1x,1,W8612,C,R11,Mid,3of4,Internal,Tdur,d,uc
3482_W8612_C_R11_3of4_Tdur_1x1_l_uc,3482,Nikon,1x,1,W8612,C,R11,Mid,3of4,Internal,Tdur,l,uc
3483_W8612_C_R11_3of4_Tdur_1x1_p_uc,3483,Nikon,1x,1,W8612,C,R11,Mid,3of4,Internal,Tdur,p,uc
3484_W8612_C_R11_4of4_Tdur_1x1_d_uc,3484,Nikon,1x,1,W8612,C,R11,Mid,4of4,External,Tdur,d,uc
3485_W8612_C_R11_4of4_Tdur_1x1_l_uc,3485,Nikon,1x,1,W8612,C,R11,Mid,4of4,External,Tdur,l,uc
3486_W8612_C_R11_4of4_Tdur_1x1_p_uc,3486,Nikon,1x,1,W8612,C,R11,Mid,4of4,External,Tdur,p,uc
3487_W8612_C_R22_1of3_Tdur_1x1_d_uc,3487,Nikon,1x,1,W8612,C,R22,Top,1of3,External,Tdur,d,uc
3488_W8612_C_R22_1of3_Tdur_1x1_l_uc,3488,Nikon,1x,1,W8612,C,R22,Top,1of3,External,Tdur,l,uc
3489_W8612_C_R22_1of3_Tdur_1x1_p_uc,3489,Nikon,1x,1,W8612,C,R22,Top,1of3,External,Tdur,p,uc
3490_W8612_C_R22_2of3_Tdur_1x1_d_uc,3490,Nikon,1x,1,W8612,C,R22,Top,2of3,Internal,Tdur,d,uc
3491_W8612_C_R22_2of3_Tdur_1x1_l_uc,3491,Nikon,1x,1,W8612,C,R22,Top,2of3,Internal,Tdur,l,uc
3492_W8612_C_R22_2of3_Tdur_1x1_p_uc,3492,Nikon,1x,1,W8612,C,R22,Top,2of3,Internal,Tdur,p,uc
3493_W8612_C_R22_3of3_Tdur_1x1_d_uc,3493,Nikon,1x,1,W8612,C,R22,Top,3of3,External,Tdur,d,uc
3494_W8612_C_R22_3of3_Tdur_1x1_l_uc,3494,Nikon,1x,1,W8612,C,R22,Top,3of3,External,Tdur,l,uc
3495_W8612_C_R22_3of3_Tdur_1x1_p_uc,3495,Nikon,1x,1,W8612,C,R22,Top,3of3,External,Tdur,p,uc
4097_USDA350071_C_R9_1of2_Taes_1x1_d_uc,4097,Nikon,1x,1,USDA350071,C,R9,Mid,1of2,External,Taes,d,uc
4098_USDA350071_C_R9_1of2_Taes_1x1_l_uc,4098,Nikon,1x,1,USDA350071,C,R9,Mid,1of2,External,Taes,l,uc
4099_USDA350071_C_R9_1of2_Taes_1x1_p_uc,4099,Nikon,1x,1,USDA350071,C,R9,Mid,1of2,External,Taes,p,uc
4100_USDA350071_C_R9_2of2_Taes_1x1_d_uc,4100,Nikon,1x,1,USDA350071,C,R9,Mid,2of2,External,Taes,d,uc
4101_USDA350071_C_R9_2of2_Taes_1x1_l_uc,4101,Nikon,1x,1,USDA350071,C,R9,Mid,2of2,External,Taes,l,uc
4102_USDA350071_C_R9_2of2_Taes_1x1_p_uc,4102,Nikon,1x,1,USDA350071,C,R9,Mid,2of2,External,Taes,p,uc
4103_USDA350071_C_R10_1of2_Taes_1x1_d_uc,4103,Nikon,1x,1,USDA350071,C,R10,Mid,1of2,External,Taes,d,uc
4104_USDA350071_C_R10_1of2_Taes_1x1_l_uc,4104,Nikon,1x,1,USDA350071,C,R10,Mid,1of2,External,Taes,l,uc
4105_USDA350071_C_R10_1of2_Taes_1x1_p_uc,4105,Nikon,1x,1,USDA350071,C,R10,Mid,1of2,External,Taes,p,uc
4106_USDA350071_C_R15_1of1_Taes_1x1_d_uc,4106,Nikon,1x,1,USDA350071,C,R15,Top,1of1,Solo,Taes,d,uc
4107_USDA350071_C_R15_1of1_Taes_1x1_l_uc,4107,Nikon,1x,1,USDA350071,C,R15,Top,1of1,Solo,Taes,l,uc
4108_USDA350071_C_R15_1of1_Taes_1x1_p_uc,4108,Nikon,1x,1,USDA350071,C,R15,Top,1of1,Solo,Taes,p,uc
4109_USDA350071_C_R16_1of1_Taes_1x1_d_uc,4109,Nikon,1x,1,USDA350071,C,R16,Top,1of1,Solo,Taes,d,uc
4110_USDA350071_C_R16_1of1_Taes_1x1_l_uc,4110,Nikon,1x,1,USDA350071,C,R16,Top,1of1,Solo,Taes,l,uc
4111_USDA350071_C_R16_1of1_Taes_1x1_p_uc,4111,Nikon,1x,1,USDA350071,C,R16,Top,1of1,Solo,Taes,p,uc
4112_USDA350071_C_R17_1of1_Taes_1x1_d_uc,4112,Nikon,1x,1,USDA350071,C,R17,Top,1of1,Solo,Taes,d,uc
4113_USDA350071_C_R17_1of1_Taes_1x1_l_uc,4113,Nikon,1x,1,USDA350071,C,R17,Top,1of1,Solo,Taes,l,uc
4114_USDA350071_C_R17_1of1_Taes_1x1_p_uc,4114,Nikon,1x,1,USDA350071,C,R17,Top,1of1,Solo,Taes,p,uc
